orderID,productID,unitPrice,quantity,discount
10248,11,14.000000000000000000,12,0E-18
10248,42,9.800000000000000000,10,0E-18
10248,72,34.800000000000000000,5,0E-18
10249,14,18.600000000000000000,9,0E-18
10249,51,42.400000000000000000,40,0E-18
10250,41,7.700000000000000000,10,0E-18
10250,51,42.400000000000000000,35,0.150000000000000000
10250,65,16.800000000000000000,15,0.150000000000000000
10251,22,16.800000000000000000,6,0.050000000000000000
10251,57,15.600000000000000000,15,0.050000000000000000
10251,65,16.800000000000000000,20,0E-18
10252,20,64.800000000000000000,40,0.050000000000000000
10252,33,2.000000000000000000,25,0.050000000000000000
10252,60,27.200000000000000000,40,0E-18
10253,31,10.000000000000000000,20,0E-18
10253,39,14.400000000000000000,42,0E-18
10253,49,16.000000000000000000,40,0E-18
10254,24,3.600000000000000000,15,0.150000000000000000
10254,55,19.200000000000000000,21,0.150000000000000000
10254,74,8.000000000000000000,21,0E-18
10255,2,15.200000000000000000,20,0E-18
10255,16,13.900000000000000000,35,0E-18
10255,36,15.200000000000000000,25,0E-18
10255,59,44.000000000000000000,30,0E-18
10256,53,26.200000000000000000,15,0E-18
10256,77,10.400000000000000000,12,0E-18
10257,27,35.100000000000000000,25,0E-18
10257,39,14.400000000000000000,6,0E-18
10257,77,10.400000000000000000,15,0E-18
10258,2,15.200000000000000000,50,0.200000000000000000
10258,5,17.000000000000000000,65,0.200000000000000000
10258,32,25.600000000000000000,6,0.200000000000000000
10259,21,8.000000000000000000,10,0E-18
10259,37,20.800000000000000000,1,0E-18
10260,41,7.700000000000000000,16,0.250000000000000000
10260,57,15.600000000000000000,50,0E-18
10260,62,39.400000000000000000,15,0.250000000000000000
10260,70,12.000000000000000000,21,0.250000000000000000
10261,21,8.000000000000000000,20,0E-18
10261,35,14.400000000000000000,20,0E-18
10262,5,17.000000000000000000,12,0.200000000000000000
10262,7,24.000000000000000000,15,0E-18
10262,56,30.400000000000000000,2,0E-18
10263,16,13.900000000000000000,60,0.250000000000000000
10263,24,3.600000000000000000,28,0E-18
10263,30,20.700000000000000000,60,0.250000000000000000
10263,74,8.000000000000000000,36,0.250000000000000000
10264,2,15.200000000000000000,35,0E-18
10264,41,7.700000000000000000,25,0.150000000000000000
10265,17,31.200000000000000000,30,0E-18
10265,70,12.000000000000000000,20,0E-18
10266,12,30.400000000000000000,12,0.050000000000000000
10267,40,14.700000000000000000,50,0E-18
10267,59,44.000000000000000000,70,0.150000000000000000
10267,76,14.400000000000000000,15,0.150000000000000000
10268,29,99.000000000000000000,10,0E-18
10268,72,27.800000000000000000,4,0E-18
10269,33,2.000000000000000000,60,0.050000000000000000
10269,72,27.800000000000000000,20,0.050000000000000000
10270,36,15.200000000000000000,30,0E-18
10270,43,36.800000000000000000,25,0E-18
10271,33,2.000000000000000000,24,0E-18
10272,20,64.800000000000000000,6,0E-18
10272,31,10.000000000000000000,40,0E-18
10272,72,27.800000000000000000,24,0E-18
10273,10,24.800000000000000000,24,0.050000000000000000
10273,31,10.000000000000000000,15,0.050000000000000000
10273,33,2.000000000000000000,20,0E-18
10273,40,14.700000000000000000,60,0.050000000000000000
10273,76,14.400000000000000000,33,0.050000000000000000
10274,71,17.200000000000000000,20,0E-18
10274,72,27.800000000000000000,7,0E-18
10275,24,3.600000000000000000,12,0.050000000000000000
10275,59,44.000000000000000000,6,0.050000000000000000
10276,10,24.800000000000000000,15,0E-18
10276,13,4.800000000000000000,10,0E-18
10277,28,36.400000000000000000,20,0E-18
10277,62,39.400000000000000000,12,0E-18
10278,44,15.500000000000000000,16,0E-18
10278,59,44.000000000000000000,15,0E-18
10278,63,35.100000000000000000,8,0E-18
10278,73,12.000000000000000000,25,0E-18
10279,17,31.200000000000000000,15,0.250000000000000000
10280,24,3.600000000000000000,12,0E-18
10280,55,19.200000000000000000,20,0E-18
10280,75,6.200000000000000000,30,0E-18
10281,19,7.300000000000000000,1,0E-18
10281,24,3.600000000000000000,6,0E-18
10281,35,14.400000000000000000,4,0E-18
10282,30,20.700000000000000000,6,0E-18
10282,57,15.600000000000000000,2,0E-18
10283,15,12.400000000000000000,20,0E-18
10283,19,7.300000000000000000,18,0E-18
10283,60,27.200000000000000000,35,0E-18
10283,72,27.800000000000000000,3,0E-18
10284,27,35.100000000000000000,15,0.250000000000000000
10284,44,15.500000000000000000,21,0E-18
10284,60,27.200000000000000000,20,0.250000000000000000
10284,67,11.200000000000000000,5,0.250000000000000000
10285,1,14.400000000000000000,45,0.200000000000000000
10285,40,14.700000000000000000,40,0.200000000000000000
10285,53,26.200000000000000000,36,0.200000000000000000
10286,35,14.400000000000000000,100,0E-18
10286,62,39.400000000000000000,40,0E-18
10287,16,13.900000000000000000,40,0.150000000000000000
10287,34,11.200000000000000000,20,0E-18
10287,46,9.600000000000000000,15,0.150000000000000000
10288,54,5.900000000000000000,10,0.100000000000000000
10288,68,10.000000000000000000,3,0.100000000000000000
10289,3,8.000000000000000000,30,0E-18
10289,64,26.600000000000000000,9,0E-18
10290,5,17.000000000000000000,20,0E-18
10290,29,99.000000000000000000,15,0E-18
10290,49,16.000000000000000000,15,0E-18
10290,77,10.400000000000000000,10,0E-18
10291,13,4.800000000000000000,20,0.100000000000000000
10291,44,15.500000000000000000,24,0.100000000000000000
10291,51,42.400000000000000000,2,0.100000000000000000
10292,20,64.800000000000000000,20,0E-18
10293,18,50.000000000000000000,12,0E-18
10293,24,3.600000000000000000,10,0E-18
10293,63,35.100000000000000000,5,0E-18
10293,75,6.200000000000000000,6,0E-18
10294,1,14.400000000000000000,18,0E-18
10294,17,31.200000000000000000,15,0E-18
10294,43,36.800000000000000000,15,0E-18
10294,60,27.200000000000000000,21,0E-18
10294,75,6.200000000000000000,6,0E-18
10295,56,30.400000000000000000,4,0E-18
10296,11,16.800000000000000000,12,0E-18
10296,16,13.900000000000000000,30,0E-18
10296,69,28.800000000000000000,15,0E-18
10297,39,14.400000000000000000,60,0E-18
10297,72,27.800000000000000000,20,0E-18
10298,2,15.200000000000000000,40,0E-18
10298,36,15.200000000000000000,40,0.250000000000000000
10298,59,44.000000000000000000,30,0.250000000000000000
10298,62,39.400000000000000000,15,0E-18
10299,19,7.300000000000000000,15,0E-18
10299,70,12.000000000000000000,20,0E-18
10300,66,13.600000000000000000,30,0E-18
10300,68,10.000000000000000000,20,0E-18
10301,40,14.700000000000000000,10,0E-18
10301,56,30.400000000000000000,20,0E-18
10302,17,31.200000000000000000,40,0E-18
10302,28,36.400000000000000000,28,0E-18
10302,43,36.800000000000000000,12,0E-18
10303,40,14.700000000000000000,40,0.100000000000000000
10303,65,16.800000000000000000,30,0.100000000000000000
10303,68,10.000000000000000000,15,0.100000000000000000
10304,49,16.000000000000000000,30,0E-18
10304,59,44.000000000000000000,10,0E-18
10304,71,17.200000000000000000,2,0E-18
10305,18,50.000000000000000000,25,0.100000000000000000
10305,29,99.000000000000000000,25,0.100000000000000000
10305,39,14.400000000000000000,30,0.100000000000000000
10306,30,20.700000000000000000,10,0E-18
10306,53,26.200000000000000000,10,0E-18
10306,54,5.900000000000000000,5,0E-18
10307,62,39.400000000000000000,10,0E-18
10307,68,10.000000000000000000,3,0E-18
10308,69,28.800000000000000000,1,0E-18
10308,70,12.000000000000000000,5,0E-18
10309,4,17.600000000000000000,20,0E-18
10309,6,20.000000000000000000,30,0E-18
10309,42,11.200000000000000000,2,0E-18
10309,43,36.800000000000000000,20,0E-18
10309,71,17.200000000000000000,3,0E-18
10310,16,13.900000000000000000,10,0E-18
10310,62,39.400000000000000000,5,0E-18
10311,42,11.200000000000000000,6,0E-18
10311,69,28.800000000000000000,7,0E-18
10312,28,36.400000000000000000,4,0E-18
10312,43,36.800000000000000000,24,0E-18
10312,53,26.200000000000000000,20,0E-18
10312,75,6.200000000000000000,10,0E-18
10313,36,15.200000000000000000,12,0E-18
10314,32,25.600000000000000000,40,0.100000000000000000
10314,58,10.600000000000000000,30,0.100000000000000000
10314,62,39.400000000000000000,25,0.100000000000000000
10315,34,11.200000000000000000,14,0E-18
10315,70,12.000000000000000000,30,0E-18
10316,41,7.700000000000000000,10,0E-18
10316,62,39.400000000000000000,70,0E-18
10317,1,14.400000000000000000,20,0E-18
10318,41,7.700000000000000000,20,0E-18
10318,76,14.400000000000000000,6,0E-18
10319,17,31.200000000000000000,8,0E-18
10319,28,36.400000000000000000,14,0E-18
10319,76,14.400000000000000000,30,0E-18
10320,71,17.200000000000000000,30,0E-18
10321,35,14.400000000000000000,10,0E-18
10322,52,5.600000000000000000,20,0E-18
10323,15,12.400000000000000000,5,0E-18
10323,25,11.200000000000000000,4,0E-18
10323,39,14.400000000000000000,4,0E-18
10324,16,13.900000000000000000,21,0.150000000000000000
10324,35,14.400000000000000000,70,0.150000000000000000
10324,46,9.600000000000000000,30,0E-18
10324,59,44.000000000000000000,40,0.150000000000000000
10324,63,35.100000000000000000,80,0.150000000000000000
10325,6,20.000000000000000000,6,0E-18
10325,13,4.800000000000000000,12,0E-18
10325,14,18.600000000000000000,9,0E-18
10325,31,10.000000000000000000,4,0E-18
10325,72,27.800000000000000000,40,0E-18
10326,4,17.600000000000000000,24,0E-18
10326,57,15.600000000000000000,16,0E-18
10326,75,6.200000000000000000,50,0E-18
10327,2,15.200000000000000000,25,0.200000000000000000
10327,11,16.800000000000000000,50,0.200000000000000000
10327,30,20.700000000000000000,35,0.200000000000000000
10327,58,10.600000000000000000,30,0.200000000000000000
10328,59,44.000000000000000000,9,0E-18
10328,65,16.800000000000000000,40,0E-18
10328,68,10.000000000000000000,10,0E-18
10329,19,7.300000000000000000,10,0.050000000000000000
10329,30,20.700000000000000000,8,0.050000000000000000
10329,38,210.800000000000000000,20,0.050000000000000000
10329,56,30.400000000000000000,12,0.050000000000000000
10330,26,24.900000000000000000,50,0.150000000000000000
10330,72,27.800000000000000000,25,0.150000000000000000
10331,54,5.900000000000000000,15,0E-18
10332,18,50.000000000000000000,40,0.200000000000000000
10332,42,11.200000000000000000,10,0.200000000000000000
10332,47,7.600000000000000000,16,0.200000000000000000
10333,14,18.600000000000000000,10,0E-18
10333,21,8.000000000000000000,10,0.100000000000000000
10333,71,17.200000000000000000,40,0.100000000000000000
10334,52,5.600000000000000000,8,0E-18
10334,68,10.000000000000000000,10,0E-18
10335,2,15.200000000000000000,7,0.200000000000000000
10335,31,10.000000000000000000,25,0.200000000000000000
10335,32,25.600000000000000000,6,0.200000000000000000
10335,51,42.400000000000000000,48,0.200000000000000000
10336,4,17.600000000000000000,18,0.100000000000000000
10337,23,7.200000000000000000,40,0E-18
10337,26,24.900000000000000000,24,0E-18
10337,36,15.200000000000000000,20,0E-18
10337,37,20.800000000000000000,28,0E-18
10337,72,27.800000000000000000,25,0E-18
10338,17,31.200000000000000000,20,0E-18
10338,30,20.700000000000000000,15,0E-18
10339,4,17.600000000000000000,10,0E-18
10339,17,31.200000000000000000,70,0.050000000000000000
10339,62,39.400000000000000000,28,0E-18
10340,18,50.000000000000000000,20,0.050000000000000000
10340,41,7.700000000000000000,12,0.050000000000000000
10340,43,36.800000000000000000,40,0.050000000000000000
10341,33,2.000000000000000000,8,0E-18
10341,59,44.000000000000000000,9,0.150000000000000000
10342,2,15.200000000000000000,24,0.200000000000000000
10342,31,10.000000000000000000,56,0.200000000000000000
10342,36,15.200000000000000000,40,0.200000000000000000
10342,55,19.200000000000000000,40,0.200000000000000000
10343,64,26.600000000000000000,50,0E-18
10343,68,10.000000000000000000,4,0.050000000000000000
10343,76,14.400000000000000000,15,0E-18
10344,4,17.600000000000000000,35,0E-18
10344,8,32.000000000000000000,70,0.250000000000000000
10345,8,32.000000000000000000,70,0E-18
10345,19,7.300000000000000000,80,0E-18
10345,42,11.200000000000000000,9,0E-18
10346,17,31.200000000000000000,36,0.100000000000000000
10346,56,30.400000000000000000,20,0E-18
10347,25,11.200000000000000000,10,0E-18
10347,39,14.400000000000000000,50,0.150000000000000000
10347,40,14.700000000000000000,4,0E-18
10347,75,6.200000000000000000,6,0.150000000000000000
10348,1,14.400000000000000000,15,0.150000000000000000
10348,23,7.200000000000000000,25,0E-18
10349,54,5.900000000000000000,24,0E-18
10350,50,13.000000000000000000,15,0.100000000000000000
10350,69,28.800000000000000000,18,0.100000000000000000
10351,38,210.800000000000000000,20,0.050000000000000000
10351,41,7.700000000000000000,13,0E-18
10351,44,15.500000000000000000,77,0.050000000000000000
10351,65,16.800000000000000000,10,0.050000000000000000
10352,24,3.600000000000000000,10,0E-18
10352,54,5.900000000000000000,20,0.150000000000000000
10353,11,16.800000000000000000,12,0.200000000000000000
10353,38,210.800000000000000000,50,0.200000000000000000
10354,1,14.400000000000000000,12,0E-18
10354,29,99.000000000000000000,4,0E-18
10355,24,3.600000000000000000,25,0E-18
10355,57,15.600000000000000000,25,0E-18
10356,31,10.000000000000000000,30,0E-18
10356,55,19.200000000000000000,12,0E-18
10356,69,28.800000000000000000,20,0E-18
10357,10,24.800000000000000000,30,0.200000000000000000
10357,26,24.900000000000000000,16,0E-18
10357,60,27.200000000000000000,8,0.200000000000000000
10358,24,3.600000000000000000,10,0.050000000000000000
10358,34,11.200000000000000000,10,0.050000000000000000
10358,36,15.200000000000000000,20,0.050000000000000000
10359,16,13.900000000000000000,56,0.050000000000000000
10359,31,10.000000000000000000,70,0.050000000000000000
10359,60,27.200000000000000000,80,0.050000000000000000
10360,28,36.400000000000000000,30,0E-18
10360,29,99.000000000000000000,35,0E-18
10360,38,210.800000000000000000,10,0E-18
10360,49,16.000000000000000000,35,0E-18
10360,54,5.900000000000000000,28,0E-18
10361,39,14.400000000000000000,54,0.100000000000000000
10361,60,27.200000000000000000,55,0.100000000000000000
10362,25,11.200000000000000000,50,0E-18
10362,51,42.400000000000000000,20,0E-18
10362,54,5.900000000000000000,24,0E-18
10363,31,10.000000000000000000,20,0E-18
10363,75,6.200000000000000000,12,0E-18
10363,76,14.400000000000000000,12,0E-18
10364,69,28.800000000000000000,30,0E-18
10364,71,17.200000000000000000,5,0E-18
10365,11,16.800000000000000000,24,0E-18
10366,65,16.800000000000000000,5,0E-18
10366,77,10.400000000000000000,5,0E-18
10367,34,11.200000000000000000,36,0E-18
10367,54,5.900000000000000000,18,0E-18
10367,65,16.800000000000000000,15,0E-18
10367,77,10.400000000000000000,7,0E-18
10368,21,8.000000000000000000,5,0.100000000000000000
10368,28,36.400000000000000000,13,0.100000000000000000
10368,57,15.600000000000000000,25,0E-18
10368,64,26.600000000000000000,35,0.100000000000000000
10369,29,99.000000000000000000,20,0E-18
10369,56,30.400000000000000000,18,0.250000000000000000
10370,1,14.400000000000000000,15,0.150000000000000000
10370,64,26.600000000000000000,30,0E-18
10370,74,8.000000000000000000,20,0.150000000000000000
10371,36,15.200000000000000000,6,0.200000000000000000
10372,20,64.800000000000000000,12,0.250000000000000000
10372,38,210.800000000000000000,40,0.250000000000000000
10372,60,27.200000000000000000,70,0.250000000000000000
10372,72,27.800000000000000000,42,0.250000000000000000
10373,58,10.600000000000000000,80,0.200000000000000000
10373,71,17.200000000000000000,50,0.200000000000000000
10374,31,10.000000000000000000,30,0E-18
10374,58,10.600000000000000000,15,0E-18
10375,14,18.600000000000000000,15,0E-18
10375,54,5.900000000000000000,10,0E-18
10376,31,10.000000000000000000,42,0.050000000000000000
10377,28,36.400000000000000000,20,0.150000000000000000
10377,39,14.400000000000000000,20,0.150000000000000000
10378,71,17.200000000000000000,6,0E-18
10379,41,7.700000000000000000,8,0.100000000000000000
10379,63,35.100000000000000000,16,0.100000000000000000
10379,65,16.800000000000000000,20,0.100000000000000000
10380,30,20.700000000000000000,18,0.100000000000000000
10380,53,26.200000000000000000,20,0.100000000000000000
10380,60,27.200000000000000000,6,0.100000000000000000
10380,70,12.000000000000000000,30,0E-18
10381,74,8.000000000000000000,14,0E-18
10382,5,17.000000000000000000,32,0E-18
10382,18,50.000000000000000000,9,0E-18
10382,29,99.000000000000000000,14,0E-18
10382,33,2.000000000000000000,60,0E-18
10382,74,8.000000000000000000,50,0E-18
10383,13,4.800000000000000000,20,0E-18
10383,50,13.000000000000000000,15,0E-18
10383,56,30.400000000000000000,20,0E-18
10384,20,64.800000000000000000,28,0E-18
10384,60,27.200000000000000000,15,0E-18
10385,7,24.000000000000000000,10,0.200000000000000000
10385,60,27.200000000000000000,20,0.200000000000000000
10385,68,10.000000000000000000,8,0.200000000000000000
10386,24,3.600000000000000000,15,0E-18
10386,34,11.200000000000000000,10,0E-18
10387,24,3.600000000000000000,15,0E-18
10387,28,36.400000000000000000,6,0E-18
10387,59,44.000000000000000000,12,0E-18
10387,71,17.200000000000000000,15,0E-18
10388,45,7.600000000000000000,15,0.200000000000000000
10388,52,5.600000000000000000,20,0.200000000000000000
10388,53,26.200000000000000000,40,0E-18
10389,10,24.800000000000000000,16,0E-18
10389,55,19.200000000000000000,15,0E-18
10389,62,39.400000000000000000,20,0E-18
10389,70,12.000000000000000000,30,0E-18
10390,31,10.000000000000000000,60,0.100000000000000000
10390,35,14.400000000000000000,40,0.100000000000000000
10390,46,9.600000000000000000,45,0E-18
10390,72,27.800000000000000000,24,0.100000000000000000
10391,13,4.800000000000000000,18,0E-18
10392,69,28.800000000000000000,50,0E-18
10393,2,15.200000000000000000,25,0.250000000000000000
10393,14,18.600000000000000000,42,0.250000000000000000
10393,25,11.200000000000000000,7,0.250000000000000000
10393,26,24.900000000000000000,70,0.250000000000000000
10393,31,10.000000000000000000,32,0E-18
10394,13,4.800000000000000000,10,0E-18
10394,62,39.400000000000000000,10,0E-18
10395,46,9.600000000000000000,28,0.100000000000000000
10395,53,26.200000000000000000,70,0.100000000000000000
10395,69,28.800000000000000000,8,0E-18
10396,23,7.200000000000000000,40,0E-18
10396,71,17.200000000000000000,60,0E-18
10396,72,27.800000000000000000,21,0E-18
10397,21,8.000000000000000000,10,0.150000000000000000
10397,51,42.400000000000000000,18,0.150000000000000000
10398,35,14.400000000000000000,30,0E-18
10398,55,19.200000000000000000,120,0.100000000000000000
10399,68,10.000000000000000000,60,0E-18
10399,71,17.200000000000000000,30,0E-18
10399,76,14.400000000000000000,35,0E-18
10399,77,10.400000000000000000,14,0E-18
10400,29,99.000000000000000000,21,0E-18
10400,35,14.400000000000000000,35,0E-18
10400,49,16.000000000000000000,30,0E-18
10401,30,20.700000000000000000,18,0E-18
10401,56,30.400000000000000000,70,0E-18
10401,65,16.800000000000000000,20,0E-18
10401,71,17.200000000000000000,60,0E-18
10402,23,7.200000000000000000,60,0E-18
10402,63,35.100000000000000000,65,0E-18
10403,16,13.900000000000000000,21,0.150000000000000000
10403,48,10.200000000000000000,70,0.150000000000000000
10404,26,24.900000000000000000,30,0.050000000000000000
10404,42,11.200000000000000000,40,0.050000000000000000
10404,49,16.000000000000000000,30,0.050000000000000000
10405,3,8.000000000000000000,50,0E-18
10406,1,14.400000000000000000,10,0E-18
10406,21,8.000000000000000000,30,0.100000000000000000
10406,28,36.400000000000000000,42,0.100000000000000000
10406,36,15.200000000000000000,5,0.100000000000000000
10406,40,14.700000000000000000,2,0.100000000000000000
10407,11,16.800000000000000000,30,0E-18
10407,69,28.800000000000000000,15,0E-18
10407,71,17.200000000000000000,15,0E-18
10408,37,20.800000000000000000,10,0E-18
10408,54,5.900000000000000000,6,0E-18
10408,62,39.400000000000000000,35,0E-18
10409,14,18.600000000000000000,12,0E-18
10409,21,8.000000000000000000,12,0E-18
10410,33,2.000000000000000000,49,0E-18
10410,59,44.000000000000000000,16,0E-18
10411,41,7.700000000000000000,25,0.200000000000000000
10411,44,15.500000000000000000,40,0.200000000000000000
10411,59,44.000000000000000000,9,0.200000000000000000
10412,14,18.600000000000000000,20,0.100000000000000000
10413,1,14.400000000000000000,24,0E-18
10413,62,39.400000000000000000,40,0E-18
10413,76,14.400000000000000000,14,0E-18
10414,19,7.300000000000000000,18,0.050000000000000000
10414,33,2.000000000000000000,50,0E-18
10415,17,31.200000000000000000,2,0E-18
10415,33,2.000000000000000000,20,0E-18
10416,19,7.300000000000000000,20,0E-18
10416,53,26.200000000000000000,10,0E-18
10416,57,15.600000000000000000,20,0E-18
10417,38,210.800000000000000000,50,0E-18
10417,46,9.600000000000000000,2,0.250000000000000000
10417,68,10.000000000000000000,36,0.250000000000000000
10417,77,10.400000000000000000,35,0E-18
10418,2,15.200000000000000000,60,0E-18
10418,47,7.600000000000000000,55,0E-18
10418,61,22.800000000000000000,16,0E-18
10418,74,8.000000000000000000,15,0E-18
10419,60,27.200000000000000000,60,0.050000000000000000
10419,69,28.800000000000000000,20,0.050000000000000000
10420,9,77.600000000000000000,20,0.100000000000000000
10420,13,4.800000000000000000,2,0.100000000000000000
10420,70,12.000000000000000000,8,0.100000000000000000
10420,73,12.000000000000000000,20,0.100000000000000000
10421,19,7.300000000000000000,4,0.150000000000000000
10421,26,24.900000000000000000,30,0E-18
10421,53,26.200000000000000000,15,0.150000000000000000
10421,77,10.400000000000000000,10,0.150000000000000000
10422,26,24.900000000000000000,2,0E-18
10423,31,10.000000000000000000,14,0E-18
10423,59,44.000000000000000000,20,0E-18
10424,35,14.400000000000000000,60,0.200000000000000000
10424,38,210.800000000000000000,49,0.200000000000000000
10424,68,10.000000000000000000,30,0.200000000000000000
10425,55,19.200000000000000000,10,0.250000000000000000
10425,76,14.400000000000000000,20,0.250000000000000000
10426,56,30.400000000000000000,5,0E-18
10426,64,26.600000000000000000,7,0E-18
10427,14,18.600000000000000000,35,0E-18
10428,46,9.600000000000000000,20,0E-18
10429,50,13.000000000000000000,40,0E-18
10429,63,35.100000000000000000,35,0.250000000000000000
10430,17,31.200000000000000000,45,0.200000000000000000
10430,21,8.000000000000000000,50,0E-18
10430,56,30.400000000000000000,30,0E-18
10430,59,44.000000000000000000,70,0.200000000000000000
10431,17,31.200000000000000000,50,0.250000000000000000
10431,40,14.700000000000000000,50,0.250000000000000000
10431,47,7.600000000000000000,30,0.250000000000000000
10432,26,24.900000000000000000,10,0E-18
10432,54,5.900000000000000000,40,0E-18
10433,56,30.400000000000000000,28,0E-18
10434,11,16.800000000000000000,6,0E-18
10434,76,14.400000000000000000,18,0.150000000000000000
10435,2,15.200000000000000000,10,0E-18
10435,22,16.800000000000000000,12,0E-18
10435,72,27.800000000000000000,10,0E-18
10436,46,9.600000000000000000,5,0E-18
10436,56,30.400000000000000000,40,0.100000000000000000
10436,64,26.600000000000000000,30,0.100000000000000000
10436,75,6.200000000000000000,24,0.100000000000000000
10437,53,26.200000000000000000,15,0E-18
10438,19,7.300000000000000000,15,0.200000000000000000
10438,34,11.200000000000000000,20,0.200000000000000000
10438,57,15.600000000000000000,15,0.200000000000000000
10439,12,30.400000000000000000,15,0E-18
10439,16,13.900000000000000000,16,0E-18
10439,64,26.600000000000000000,6,0E-18
10439,74,8.000000000000000000,30,0E-18
10440,2,15.200000000000000000,45,0.150000000000000000
10440,16,13.900000000000000000,49,0.150000000000000000
10440,29,99.000000000000000000,24,0.150000000000000000
10440,61,22.800000000000000000,90,0.150000000000000000
10441,27,35.100000000000000000,50,0E-18
10442,11,16.800000000000000000,30,0E-18
10442,54,5.900000000000000000,80,0E-18
10442,66,13.600000000000000000,60,0E-18
10443,11,16.800000000000000000,6,0.200000000000000000
10443,28,36.400000000000000000,12,0E-18
10444,17,31.200000000000000000,10,0E-18
10444,26,24.900000000000000000,15,0E-18
10444,35,14.400000000000000000,8,0E-18
10444,41,7.700000000000000000,30,0E-18
10445,39,14.400000000000000000,6,0E-18
10445,54,5.900000000000000000,15,0E-18
10446,19,7.300000000000000000,12,0.100000000000000000
10446,24,3.600000000000000000,20,0.100000000000000000
10446,31,10.000000000000000000,3,0.100000000000000000
10446,52,5.600000000000000000,15,0.100000000000000000
10447,19,7.300000000000000000,40,0E-18
10447,65,16.800000000000000000,35,0E-18
10447,71,17.200000000000000000,2,0E-18
10448,26,24.900000000000000000,6,0E-18
10448,40,14.700000000000000000,20,0E-18
10449,10,24.800000000000000000,14,0E-18
10449,52,5.600000000000000000,20,0E-18
10449,62,39.400000000000000000,35,0E-18
10450,10,24.800000000000000000,20,0.200000000000000000
10450,54,5.900000000000000000,6,0.200000000000000000
10451,55,19.200000000000000000,120,0.100000000000000000
10451,64,26.600000000000000000,35,0.100000000000000000
10451,65,16.800000000000000000,28,0.100000000000000000
10451,77,10.400000000000000000,55,0.100000000000000000
10452,28,36.400000000000000000,15,0E-18
10452,44,15.500000000000000000,100,0.050000000000000000
10453,48,10.200000000000000000,15,0.100000000000000000
10453,70,12.000000000000000000,25,0.100000000000000000
10454,16,13.900000000000000000,20,0.200000000000000000
10454,33,2.000000000000000000,20,0.200000000000000000
10454,46,9.600000000000000000,10,0.200000000000000000
10455,39,14.400000000000000000,20,0E-18
10455,53,26.200000000000000000,50,0E-18
10455,61,22.800000000000000000,25,0E-18
10455,71,17.200000000000000000,30,0E-18
10456,21,8.000000000000000000,40,0.150000000000000000
10456,49,16.000000000000000000,21,0.150000000000000000
10457,59,44.000000000000000000,36,0E-18
10458,26,24.900000000000000000,30,0E-18
10458,28,36.400000000000000000,30,0E-18
10458,43,36.800000000000000000,20,0E-18
10458,56,30.400000000000000000,15,0E-18
10458,71,17.200000000000000000,50,0E-18
10459,7,24.000000000000000000,16,0.050000000000000000
10459,46,9.600000000000000000,20,0.050000000000000000
10459,72,27.800000000000000000,40,0E-18
10460,68,10.000000000000000000,21,0.250000000000000000
10460,75,6.200000000000000000,4,0.250000000000000000
10461,21,8.000000000000000000,40,0.250000000000000000
10461,30,20.700000000000000000,28,0.250000000000000000
10461,55,19.200000000000000000,60,0.250000000000000000
10462,13,4.800000000000000000,1,0E-18
10462,23,7.200000000000000000,21,0E-18
10463,19,7.300000000000000000,21,0E-18
10463,42,11.200000000000000000,50,0E-18
10464,4,17.600000000000000000,16,0.200000000000000000
10464,43,36.800000000000000000,3,0E-18
10464,56,30.400000000000000000,30,0.200000000000000000
10464,60,27.200000000000000000,20,0E-18
10465,24,3.600000000000000000,25,0E-18
10465,29,99.000000000000000000,18,0.100000000000000000
10465,40,14.700000000000000000,20,0E-18
10465,45,7.600000000000000000,30,0.100000000000000000
10465,50,13.000000000000000000,25,0E-18
10466,11,16.800000000000000000,10,0E-18
10466,46,9.600000000000000000,5,0E-18
10467,24,3.600000000000000000,28,0E-18
10467,25,11.200000000000000000,12,0E-18
10468,30,20.700000000000000000,8,0E-18
10468,43,36.800000000000000000,15,0E-18
10469,2,15.200000000000000000,40,0.150000000000000000
10469,16,13.900000000000000000,35,0.150000000000000000
10469,44,15.500000000000000000,2,0.150000000000000000
10470,18,50.000000000000000000,30,0E-18
10470,23,7.200000000000000000,15,0E-18
10470,64,26.600000000000000000,8,0E-18
10471,7,24.000000000000000000,30,0E-18
10471,56,30.400000000000000000,20,0E-18
10472,24,3.600000000000000000,80,0.050000000000000000
10472,51,42.400000000000000000,18,0E-18
10473,33,2.000000000000000000,12,0E-18
10473,71,17.200000000000000000,12,0E-18
10474,14,18.600000000000000000,12,0E-18
10474,28,36.400000000000000000,18,0E-18
10474,40,14.700000000000000000,21,0E-18
10474,75,6.200000000000000000,10,0E-18
10475,31,10.000000000000000000,35,0.150000000000000000
10475,66,13.600000000000000000,60,0.150000000000000000
10475,76,14.400000000000000000,42,0.150000000000000000
10476,55,19.200000000000000000,2,0.050000000000000000
10476,70,12.000000000000000000,12,0E-18
10477,1,14.400000000000000000,15,0E-18
10477,21,8.000000000000000000,21,0.250000000000000000
10477,39,14.400000000000000000,20,0.250000000000000000
10478,10,24.800000000000000000,20,0.050000000000000000
10479,38,210.800000000000000000,30,0E-18
10479,53,26.200000000000000000,28,0E-18
10479,59,44.000000000000000000,60,0E-18
10479,64,26.600000000000000000,30,0E-18
10480,47,7.600000000000000000,30,0E-18
10480,59,44.000000000000000000,12,0E-18
10481,49,16.000000000000000000,24,0E-18
10481,60,27.200000000000000000,40,0E-18
10482,40,14.700000000000000000,10,0E-18
10483,34,11.200000000000000000,35,0.050000000000000000
10483,77,10.400000000000000000,30,0.050000000000000000
10484,21,8.000000000000000000,14,0E-18
10484,40,14.700000000000000000,10,0E-18
10484,51,42.400000000000000000,3,0E-18
10485,2,15.200000000000000000,20,0.100000000000000000
10485,3,8.000000000000000000,20,0.100000000000000000
10485,55,19.200000000000000000,30,0.100000000000000000
10485,70,12.000000000000000000,60,0.100000000000000000
10486,11,16.800000000000000000,5,0E-18
10486,51,42.400000000000000000,25,0E-18
10486,74,8.000000000000000000,16,0E-18
10487,19,7.300000000000000000,5,0E-18
10487,26,24.900000000000000000,30,0E-18
10487,54,5.900000000000000000,24,0.250000000000000000
10488,59,44.000000000000000000,30,0E-18
10488,73,12.000000000000000000,20,0.200000000000000000
10489,11,16.800000000000000000,15,0.250000000000000000
10489,16,13.900000000000000000,18,0E-18
10490,59,44.000000000000000000,60,0E-18
10490,68,10.000000000000000000,30,0E-18
10490,75,6.200000000000000000,36,0E-18
10491,44,15.500000000000000000,15,0.150000000000000000
10491,77,10.400000000000000000,7,0.150000000000000000
10492,25,11.200000000000000000,60,0.050000000000000000
10492,42,11.200000000000000000,20,0.050000000000000000
10493,65,16.800000000000000000,15,0.100000000000000000
10493,66,13.600000000000000000,10,0.100000000000000000
10493,69,28.800000000000000000,10,0.100000000000000000
10494,56,30.400000000000000000,30,0E-18
10495,23,7.200000000000000000,10,0E-18
10495,41,7.700000000000000000,20,0E-18
10495,77,10.400000000000000000,5,0E-18
10496,31,10.000000000000000000,20,0.050000000000000000
10497,56,30.400000000000000000,14,0E-18
10497,72,27.800000000000000000,25,0E-18
10497,77,10.400000000000000000,25,0E-18
10498,24,4.500000000000000000,14,0E-18
10498,40,18.400000000000000000,5,0E-18
10498,42,14.000000000000000000,30,0E-18
10499,28,45.600000000000000000,20,0E-18
10499,49,20.000000000000000000,25,0E-18
10500,15,15.500000000000000000,12,0.050000000000000000
10500,28,45.600000000000000000,8,0.050000000000000000
10501,54,7.450000000000000000,20,0E-18
10502,45,9.500000000000000000,21,0E-18
10502,53,32.800000000000000000,6,0E-18
10502,67,14.000000000000000000,30,0E-18
10503,14,23.250000000000000000,70,0E-18
10503,65,21.050000000000000000,20,0E-18
10504,2,19.000000000000000000,12,0E-18
10504,21,10.000000000000000000,12,0E-18
10504,53,32.800000000000000000,10,0E-18
10504,61,28.500000000000000000,25,0E-18
10505,62,49.300000000000000000,3,0E-18
10506,25,14.000000000000000000,18,0.100000000000000000
10506,70,15.000000000000000000,14,0.100000000000000000
10507,43,46.000000000000000000,15,0.150000000000000000
10507,48,12.750000000000000000,15,0.150000000000000000
10508,13,6.000000000000000000,10,0E-18
10508,39,18.000000000000000000,10,0E-18
10509,28,45.600000000000000000,3,0E-18
10510,29,123.790000000000000000,36,0E-18
10510,75,7.750000000000000000,36,0.100000000000000000
10511,4,22.000000000000000000,50,0.150000000000000000
10511,7,30.000000000000000000,50,0.150000000000000000
10511,8,40.000000000000000000,10,0.150000000000000000
10512,24,4.500000000000000000,10,0.150000000000000000
10512,46,12.000000000000000000,9,0.150000000000000000
10512,47,9.500000000000000000,6,0.150000000000000000
10512,60,34.000000000000000000,12,0.150000000000000000
10513,21,10.000000000000000000,40,0.200000000000000000
10513,32,32.000000000000000000,50,0.200000000000000000
10513,61,28.500000000000000000,15,0.200000000000000000
10514,20,81.000000000000000000,39,0E-18
10514,28,45.600000000000000000,35,0E-18
10514,56,38.000000000000000000,70,0E-18
10514,65,21.050000000000000000,39,0E-18
10514,75,7.750000000000000000,50,0E-18
10515,9,97.000000000000000000,16,0.150000000000000000
10515,16,17.450000000000000000,50,0E-18
10515,27,43.900000000000000000,120,0E-18
10515,33,2.500000000000000000,16,0.150000000000000000
10515,60,34.000000000000000000,84,0.150000000000000000
10516,18,62.500000000000000000,25,0.100000000000000000
10516,41,9.650000000000000000,80,0.100000000000000000
10516,42,14.000000000000000000,20,0E-18
10517,52,7.000000000000000000,6,0E-18
10517,59,55.000000000000000000,4,0E-18
10517,70,15.000000000000000000,6,0E-18
10518,24,4.500000000000000000,5,0E-18
10518,38,263.500000000000000000,15,0E-18
10518,44,19.450000000000000000,9,0E-18
10519,10,31.000000000000000000,16,0.050000000000000000
10519,56,38.000000000000000000,40,0E-18
10519,60,34.000000000000000000,10,0.050000000000000000
10520,24,4.500000000000000000,8,0E-18
10520,53,32.800000000000000000,5,0E-18
10521,35,18.000000000000000000,3,0E-18
10521,41,9.650000000000000000,10,0E-18
10521,68,12.500000000000000000,6,0E-18
10522,1,18.000000000000000000,40,0.200000000000000000
10522,8,40.000000000000000000,24,0E-18
10522,30,25.890000000000000000,20,0.200000000000000000
10522,40,18.400000000000000000,25,0.200000000000000000
10523,17,39.000000000000000000,25,0.100000000000000000
10523,20,81.000000000000000000,15,0.100000000000000000
10523,37,26.000000000000000000,18,0.100000000000000000
10523,41,9.650000000000000000,6,0.100000000000000000
10524,10,31.000000000000000000,2,0E-18
10524,30,25.890000000000000000,10,0E-18
10524,43,46.000000000000000000,60,0E-18
10524,54,7.450000000000000000,15,0E-18
10525,36,19.000000000000000000,30,0E-18
10525,40,18.400000000000000000,15,0.100000000000000000
10526,1,18.000000000000000000,8,0.150000000000000000
10526,13,6.000000000000000000,10,0E-18
10526,56,38.000000000000000000,30,0.150000000000000000
10527,4,22.000000000000000000,50,0.100000000000000000
10527,36,19.000000000000000000,30,0.100000000000000000
10528,11,21.000000000000000000,3,0E-18
10528,33,2.500000000000000000,8,0.200000000000000000
10528,72,34.800000000000000000,9,0E-18
10529,55,24.000000000000000000,14,0E-18
10529,68,12.500000000000000000,20,0E-18
10529,69,36.000000000000000000,10,0E-18
10530,17,39.000000000000000000,40,0E-18
10530,43,46.000000000000000000,25,0E-18
10530,61,28.500000000000000000,20,0E-18
10530,76,18.000000000000000000,50,0E-18
10531,59,55.000000000000000000,2,0E-18
10532,30,25.890000000000000000,15,0E-18
10532,66,17.000000000000000000,24,0E-18
10533,4,22.000000000000000000,50,0.050000000000000000
10533,72,34.800000000000000000,24,0E-18
10533,73,15.000000000000000000,24,0.050000000000000000
10534,30,25.890000000000000000,10,0E-18
10534,40,18.400000000000000000,10,0.200000000000000000
10534,54,7.450000000000000000,10,0.200000000000000000
10535,11,21.000000000000000000,50,0.100000000000000000
10535,40,18.400000000000000000,10,0.100000000000000000
10535,57,19.500000000000000000,5,0.100000000000000000
10535,59,55.000000000000000000,15,0.100000000000000000
10536,12,38.000000000000000000,15,0.250000000000000000
10536,31,12.500000000000000000,20,0E-18
10536,33,2.500000000000000000,30,0E-18
10536,60,34.000000000000000000,35,0.250000000000000000
10537,31,12.500000000000000000,30,0E-18
10537,51,53.000000000000000000,6,0E-18
10537,58,13.250000000000000000,20,0E-18
10537,72,34.800000000000000000,21,0E-18
10537,73,15.000000000000000000,9,0E-18
10538,70,15.000000000000000000,7,0E-18
10538,72,34.800000000000000000,1,0E-18
10539,13,6.000000000000000000,8,0E-18
10539,21,10.000000000000000000,15,0E-18
10539,33,2.500000000000000000,15,0E-18
10539,49,20.000000000000000000,6,0E-18
10540,3,10.000000000000000000,60,0E-18
10540,26,31.230000000000000000,40,0E-18
10540,38,263.500000000000000000,30,0E-18
10540,68,12.500000000000000000,35,0E-18
10541,24,4.500000000000000000,35,0.100000000000000000
10541,38,263.500000000000000000,4,0.100000000000000000
10541,65,21.050000000000000000,36,0.100000000000000000
10541,71,21.500000000000000000,9,0.100000000000000000
10542,11,21.000000000000000000,15,0.050000000000000000
10542,54,7.450000000000000000,24,0.050000000000000000
10543,12,38.000000000000000000,30,0.150000000000000000
10543,23,9.000000000000000000,70,0.150000000000000000
10544,28,45.600000000000000000,7,0E-18
10544,67,14.000000000000000000,7,0E-18
10545,11,21.000000000000000000,10,0E-18
10546,7,30.000000000000000000,10,0E-18
10546,35,18.000000000000000000,30,0E-18
10546,62,49.300000000000000000,40,0E-18
10547,32,32.000000000000000000,24,0.150000000000000000
10547,36,19.000000000000000000,60,0E-18
10548,34,14.000000000000000000,10,0.250000000000000000
10548,41,9.650000000000000000,14,0E-18
10549,31,12.500000000000000000,55,0.150000000000000000
10549,45,9.500000000000000000,100,0.150000000000000000
10549,51,53.000000000000000000,48,0.150000000000000000
10550,17,39.000000000000000000,8,0.100000000000000000
10550,19,9.200000000000000000,10,0E-18
10550,21,10.000000000000000000,6,0.100000000000000000
10550,61,28.500000000000000000,10,0.100000000000000000
10551,16,17.450000000000000000,40,0.150000000000000000
10551,35,18.000000000000000000,20,0.150000000000000000
10551,44,19.450000000000000000,40,0E-18
10552,69,36.000000000000000000,18,0E-18
10552,75,7.750000000000000000,30,0E-18
10553,11,21.000000000000000000,15,0E-18
10553,16,17.450000000000000000,14,0E-18
10553,22,21.000000000000000000,24,0E-18
10553,31,12.500000000000000000,30,0E-18
10553,35,18.000000000000000000,6,0E-18
10554,16,17.450000000000000000,30,0.050000000000000000
10554,23,9.000000000000000000,20,0.050000000000000000
10554,62,49.300000000000000000,20,0.050000000000000000
10554,77,13.000000000000000000,10,0.050000000000000000
10555,14,23.250000000000000000,30,0.200000000000000000
10555,19,9.200000000000000000,35,0.200000000000000000
10555,24,4.500000000000000000,18,0.200000000000000000
10555,51,53.000000000000000000,20,0.200000000000000000
10555,56,38.000000000000000000,40,0.200000000000000000
10556,72,34.800000000000000000,24,0E-18
10557,64,33.250000000000000000,30,0E-18
10557,75,7.750000000000000000,20,0E-18
10558,47,9.500000000000000000,25,0E-18
10558,51,53.000000000000000000,20,0E-18
10558,52,7.000000000000000000,30,0E-18
10558,53,32.800000000000000000,18,0E-18
10558,73,15.000000000000000000,3,0E-18
10559,41,9.650000000000000000,12,0.050000000000000000
10559,55,24.000000000000000000,18,0.050000000000000000
10560,30,25.890000000000000000,20,0E-18
10560,62,49.300000000000000000,15,0.250000000000000000
10561,44,19.450000000000000000,10,0E-18
10561,51,53.000000000000000000,50,0E-18
10562,33,2.500000000000000000,20,0.100000000000000000
10562,62,49.300000000000000000,10,0.100000000000000000
10563,36,19.000000000000000000,25,0E-18
10563,52,7.000000000000000000,70,0E-18
10564,17,39.000000000000000000,16,0.050000000000000000
10564,31,12.500000000000000000,6,0.050000000000000000
10564,55,24.000000000000000000,25,0.050000000000000000
10565,24,4.500000000000000000,25,0.100000000000000000
10565,64,33.250000000000000000,18,0.100000000000000000
10566,11,21.000000000000000000,35,0.150000000000000000
10566,18,62.500000000000000000,18,0.150000000000000000
10566,76,18.000000000000000000,10,0E-18
10567,31,12.500000000000000000,60,0.200000000000000000
10567,51,53.000000000000000000,3,0E-18
10567,59,55.000000000000000000,40,0.200000000000000000
10568,10,31.000000000000000000,5,0E-18
10569,31,12.500000000000000000,35,0.200000000000000000
10569,76,18.000000000000000000,30,0E-18
10570,11,21.000000000000000000,15,0.050000000000000000
10570,56,38.000000000000000000,60,0.050000000000000000
10571,14,23.250000000000000000,11,0.150000000000000000
10571,42,14.000000000000000000,28,0.150000000000000000
10572,16,17.450000000000000000,12,0.100000000000000000
10572,32,32.000000000000000000,10,0.100000000000000000
10572,40,18.400000000000000000,50,0E-18
10572,75,7.750000000000000000,15,0.100000000000000000
10573,17,39.000000000000000000,18,0E-18
10573,34,14.000000000000000000,40,0E-18
10573,53,32.800000000000000000,25,0E-18
10574,33,2.500000000000000000,14,0E-18
10574,40,18.400000000000000000,2,0E-18
10574,62,49.300000000000000000,10,0E-18
10574,64,33.250000000000000000,6,0E-18
10575,59,55.000000000000000000,12,0E-18
10575,63,43.900000000000000000,6,0E-18
10575,72,34.800000000000000000,30,0E-18
10575,76,18.000000000000000000,10,0E-18
10576,1,18.000000000000000000,10,0E-18
10576,31,12.500000000000000000,20,0E-18
10576,44,19.450000000000000000,21,0E-18
10577,39,18.000000000000000000,10,0E-18
10577,75,7.750000000000000000,20,0E-18
10577,77,13.000000000000000000,18,0E-18
10578,35,18.000000000000000000,20,0E-18
10578,57,19.500000000000000000,6,0E-18
10579,15,15.500000000000000000,10,0E-18
10579,75,7.750000000000000000,21,0E-18
10580,14,23.250000000000000000,15,0.050000000000000000
10580,41,9.650000000000000000,9,0.050000000000000000
10580,65,21.050000000000000000,30,0.050000000000000000
10581,75,7.750000000000000000,50,0.200000000000000000
10582,57,19.500000000000000000,4,0E-18
10582,76,18.000000000000000000,14,0E-18
10583,29,123.790000000000000000,10,0E-18
10583,60,34.000000000000000000,24,0.150000000000000000
10583,69,36.000000000000000000,10,0.150000000000000000
10584,31,12.500000000000000000,50,0.050000000000000000
10585,47,9.500000000000000000,15,0E-18
10586,52,7.000000000000000000,4,0.150000000000000000
10587,26,31.230000000000000000,6,0E-18
10587,35,18.000000000000000000,20,0E-18
10587,77,13.000000000000000000,20,0E-18
10588,18,62.500000000000000000,40,0.200000000000000000
10588,42,14.000000000000000000,100,0.200000000000000000
10589,35,18.000000000000000000,4,0E-18
10590,1,18.000000000000000000,20,0E-18
10590,77,13.000000000000000000,60,0.050000000000000000
10591,3,10.000000000000000000,14,0E-18
10591,7,30.000000000000000000,10,0E-18
10591,54,7.450000000000000000,50,0E-18
10592,15,15.500000000000000000,25,0.050000000000000000
10592,26,31.230000000000000000,5,0.050000000000000000
10593,20,81.000000000000000000,21,0.200000000000000000
10593,69,36.000000000000000000,20,0.200000000000000000
10593,76,18.000000000000000000,4,0.200000000000000000
10594,52,7.000000000000000000,24,0E-18
10594,58,13.250000000000000000,30,0E-18
10595,35,18.000000000000000000,30,0.250000000000000000
10595,61,28.500000000000000000,120,0.250000000000000000
10595,69,36.000000000000000000,65,0.250000000000000000
10596,56,38.000000000000000000,5,0.200000000000000000
10596,63,43.900000000000000000,24,0.200000000000000000
10596,75,7.750000000000000000,30,0.200000000000000000
10597,24,4.500000000000000000,35,0.200000000000000000
10597,57,19.500000000000000000,20,0E-18
10597,65,21.050000000000000000,12,0.200000000000000000
10598,27,43.900000000000000000,50,0E-18
10598,71,21.500000000000000000,9,0E-18
10599,62,49.300000000000000000,10,0E-18
10600,54,7.450000000000000000,4,0E-18
10600,73,15.000000000000000000,30,0E-18
10601,13,6.000000000000000000,60,0E-18
10601,59,55.000000000000000000,35,0E-18
10602,77,13.000000000000000000,5,0.250000000000000000
10603,22,21.000000000000000000,48,0E-18
10603,49,20.000000000000000000,25,0.050000000000000000
10604,48,12.750000000000000000,6,0.100000000000000000
10604,76,18.000000000000000000,10,0.100000000000000000
10605,16,17.450000000000000000,30,0.050000000000000000
10605,59,55.000000000000000000,20,0.050000000000000000
10605,60,34.000000000000000000,70,0.050000000000000000
10605,71,21.500000000000000000,15,0.050000000000000000
10606,4,22.000000000000000000,20,0.200000000000000000
10606,55,24.000000000000000000,20,0.200000000000000000
10606,62,49.300000000000000000,10,0.200000000000000000
10607,7,30.000000000000000000,45,0E-18
10607,17,39.000000000000000000,100,0E-18
10607,33,2.500000000000000000,14,0E-18
10607,40,18.400000000000000000,42,0E-18
10607,72,34.800000000000000000,12,0E-18
10608,56,38.000000000000000000,28,0E-18
10609,1,18.000000000000000000,3,0E-18
10609,10,31.000000000000000000,10,0E-18
10609,21,10.000000000000000000,6,0E-18
10610,36,19.000000000000000000,21,0.250000000000000000
10611,1,18.000000000000000000,6,0E-18
10611,2,19.000000000000000000,10,0E-18
10611,60,34.000000000000000000,15,0E-18
10612,10,31.000000000000000000,70,0E-18
10612,36,19.000000000000000000,55,0E-18
10612,49,20.000000000000000000,18,0E-18
10612,60,34.000000000000000000,40,0E-18
10612,76,18.000000000000000000,80,0E-18
10613,13,6.000000000000000000,8,0.100000000000000000
10613,75,7.750000000000000000,40,0E-18
10614,11,21.000000000000000000,14,0E-18
10614,21,10.000000000000000000,8,0E-18
10614,39,18.000000000000000000,5,0E-18
10615,55,24.000000000000000000,5,0E-18
10616,38,263.500000000000000000,15,0.050000000000000000
10616,56,38.000000000000000000,14,0E-18
10616,70,15.000000000000000000,15,0.050000000000000000
10616,71,21.500000000000000000,15,0.050000000000000000
10617,59,55.000000000000000000,30,0.150000000000000000
10618,6,25.000000000000000000,70,0E-18
10618,56,38.000000000000000000,20,0E-18
10618,68,12.500000000000000000,15,0E-18
10619,21,10.000000000000000000,42,0E-18
10619,22,21.000000000000000000,40,0E-18
10620,24,4.500000000000000000,5,0E-18
10620,52,7.000000000000000000,5,0E-18
10621,19,9.200000000000000000,5,0E-18
10621,23,9.000000000000000000,10,0E-18
10621,70,15.000000000000000000,20,0E-18
10621,71,21.500000000000000000,15,0E-18
10622,2,19.000000000000000000,20,0E-18
10622,68,12.500000000000000000,18,0.200000000000000000
10623,14,23.250000000000000000,21,0E-18
10623,19,9.200000000000000000,15,0.100000000000000000
10623,21,10.000000000000000000,25,0.100000000000000000
10623,24,4.500000000000000000,3,0E-18
10623,35,18.000000000000000000,30,0.100000000000000000
10624,28,45.600000000000000000,10,0E-18
10624,29,123.790000000000000000,6,0E-18
10624,44,19.450000000000000000,10,0E-18
10625,14,23.250000000000000000,3,0E-18
10625,42,14.000000000000000000,5,0E-18
10625,60,34.000000000000000000,10,0E-18
10626,53,32.800000000000000000,12,0E-18
10626,60,34.000000000000000000,20,0E-18
10626,71,21.500000000000000000,20,0E-18
10627,62,49.300000000000000000,15,0E-18
10627,73,15.000000000000000000,35,0.150000000000000000
10628,1,18.000000000000000000,25,0E-18
10629,29,123.790000000000000000,20,0E-18
10629,64,33.250000000000000000,9,0E-18
10630,55,24.000000000000000000,12,0.050000000000000000
10630,76,18.000000000000000000,35,0E-18
10631,75,7.750000000000000000,8,0.100000000000000000
10632,2,19.000000000000000000,30,0.050000000000000000
10632,33,2.500000000000000000,20,0.050000000000000000
10633,12,38.000000000000000000,36,0.150000000000000000
10633,13,6.000000000000000000,13,0.150000000000000000
10633,26,31.230000000000000000,35,0.150000000000000000
10633,62,49.300000000000000000,80,0.150000000000000000
10634,7,30.000000000000000000,35,0E-18
10634,18,62.500000000000000000,50,0E-18
10634,51,53.000000000000000000,15,0E-18
10634,75,7.750000000000000000,2,0E-18
10635,4,22.000000000000000000,10,0.100000000000000000
10635,5,21.350000000000000000,15,0.100000000000000000
10635,22,21.000000000000000000,40,0E-18
10636,4,22.000000000000000000,25,0E-18
10636,58,13.250000000000000000,6,0E-18
10637,11,21.000000000000000000,10,0E-18
10637,50,16.250000000000000000,25,0.050000000000000000
10637,56,38.000000000000000000,60,0.050000000000000000
10638,45,9.500000000000000000,20,0E-18
10638,65,21.050000000000000000,21,0E-18
10638,72,34.800000000000000000,60,0E-18
10639,18,62.500000000000000000,8,0E-18
10640,69,36.000000000000000000,20,0.250000000000000000
10640,70,15.000000000000000000,15,0.250000000000000000
10641,2,19.000000000000000000,50,0E-18
10641,40,18.400000000000000000,60,0E-18
10642,21,10.000000000000000000,30,0.200000000000000000
10642,61,28.500000000000000000,20,0.200000000000000000
10643,28,45.600000000000000000,15,0.250000000000000000
10643,39,18.000000000000000000,21,0.250000000000000000
10643,46,12.000000000000000000,2,0.250000000000000000
10644,18,62.500000000000000000,4,0.100000000000000000
10644,43,46.000000000000000000,20,0E-18
10644,46,12.000000000000000000,21,0.100000000000000000
10645,18,62.500000000000000000,20,0E-18
10645,36,19.000000000000000000,15,0E-18
10646,1,18.000000000000000000,15,0.250000000000000000
10646,10,31.000000000000000000,18,0.250000000000000000
10646,71,21.500000000000000000,30,0.250000000000000000
10646,77,13.000000000000000000,35,0.250000000000000000
10647,19,9.200000000000000000,30,0E-18
10647,39,18.000000000000000000,20,0E-18
10648,22,21.000000000000000000,15,0E-18
10648,24,4.500000000000000000,15,0.150000000000000000
10649,28,45.600000000000000000,20,0E-18
10649,72,34.800000000000000000,15,0E-18
10650,30,25.890000000000000000,30,0E-18
10650,53,32.800000000000000000,25,0.050000000000000000
10650,54,7.450000000000000000,30,0E-18
10651,19,9.200000000000000000,12,0.250000000000000000
10651,22,21.000000000000000000,20,0.250000000000000000
10652,30,25.890000000000000000,2,0.250000000000000000
10652,42,14.000000000000000000,20,0E-18
10653,16,17.450000000000000000,30,0.100000000000000000
10653,60,34.000000000000000000,20,0.100000000000000000
10654,4,22.000000000000000000,12,0.100000000000000000
10654,39,18.000000000000000000,20,0.100000000000000000
10654,54,7.450000000000000000,6,0.100000000000000000
10655,41,9.650000000000000000,20,0.200000000000000000
10656,14,23.250000000000000000,3,0.100000000000000000
10656,44,19.450000000000000000,28,0.100000000000000000
10656,47,9.500000000000000000,6,0.100000000000000000
10657,15,15.500000000000000000,50,0E-18
10657,41,9.650000000000000000,24,0E-18
10657,46,12.000000000000000000,45,0E-18
10657,47,9.500000000000000000,10,0E-18
10657,56,38.000000000000000000,45,0E-18
10657,60,34.000000000000000000,30,0E-18
10658,21,10.000000000000000000,60,0E-18
10658,40,18.400000000000000000,70,0.050000000000000000
10658,60,34.000000000000000000,55,0.050000000000000000
10658,77,13.000000000000000000,70,0.050000000000000000
10659,31,12.500000000000000000,20,0.050000000000000000
10659,40,18.400000000000000000,24,0.050000000000000000
10659,70,15.000000000000000000,40,0.050000000000000000
10660,20,81.000000000000000000,21,0E-18
10661,39,18.000000000000000000,3,0.200000000000000000
10661,58,13.250000000000000000,49,0.200000000000000000
10662,68,12.500000000000000000,10,0E-18
10663,40,18.400000000000000000,30,0.050000000000000000
10663,42,14.000000000000000000,30,0.050000000000000000
10663,51,53.000000000000000000,20,0.050000000000000000
10664,10,31.000000000000000000,24,0.150000000000000000
10664,56,38.000000000000000000,12,0.150000000000000000
10664,65,21.050000000000000000,15,0.150000000000000000
10665,51,53.000000000000000000,20,0E-18
10665,59,55.000000000000000000,1,0E-18
10665,76,18.000000000000000000,10,0E-18
10666,29,123.790000000000000000,36,0E-18
10666,65,21.050000000000000000,10,0E-18
10667,69,36.000000000000000000,45,0.200000000000000000
10667,71,21.500000000000000000,14,0.200000000000000000
10668,31,12.500000000000000000,8,0.100000000000000000
10668,55,24.000000000000000000,4,0.100000000000000000
10668,64,33.250000000000000000,15,0.100000000000000000
10669,36,19.000000000000000000,30,0E-18
10670,23,9.000000000000000000,32,0E-18
10670,46,12.000000000000000000,60,0E-18
10670,67,14.000000000000000000,25,0E-18
10670,73,15.000000000000000000,50,0E-18
10670,75,7.750000000000000000,25,0E-18
10671,16,17.450000000000000000,10,0E-18
10671,62,49.300000000000000000,10,0E-18
10671,65,21.050000000000000000,12,0E-18
10672,38,263.500000000000000000,15,0.100000000000000000
10672,71,21.500000000000000000,12,0E-18
10673,16,17.450000000000000000,3,0E-18
10673,42,14.000000000000000000,6,0E-18
10673,43,46.000000000000000000,6,0E-18
10674,23,9.000000000000000000,5,0E-18
10675,14,23.250000000000000000,30,0E-18
10675,53,32.800000000000000000,10,0E-18
10675,58,13.250000000000000000,30,0E-18
10676,10,31.000000000000000000,2,0E-18
10676,19,9.200000000000000000,7,0E-18
10676,44,19.450000000000000000,21,0E-18
10677,26,31.230000000000000000,30,0.150000000000000000
10677,33,2.500000000000000000,8,0.150000000000000000
10678,12,38.000000000000000000,100,0E-18
10678,33,2.500000000000000000,30,0E-18
10678,41,9.650000000000000000,120,0E-18
10678,54,7.450000000000000000,30,0E-18
10679,59,55.000000000000000000,12,0E-18
10680,16,17.450000000000000000,50,0.250000000000000000
10680,31,12.500000000000000000,20,0.250000000000000000
10680,42,14.000000000000000000,40,0.250000000000000000
10681,19,9.200000000000000000,30,0.100000000000000000
10681,21,10.000000000000000000,12,0.100000000000000000
10681,64,33.250000000000000000,28,0E-18
10682,33,2.500000000000000000,30,0E-18
10682,66,17.000000000000000000,4,0E-18
10682,75,7.750000000000000000,30,0E-18
10683,52,7.000000000000000000,9,0E-18
10684,40,18.400000000000000000,20,0E-18
10684,47,9.500000000000000000,40,0E-18
10684,60,34.000000000000000000,30,0E-18
10685,10,31.000000000000000000,20,0E-18
10685,41,9.650000000000000000,4,0E-18
10685,47,9.500000000000000000,15,0E-18
10686,17,39.000000000000000000,30,0.200000000000000000
10686,26,31.230000000000000000,15,0E-18
10687,9,97.000000000000000000,50,0.250000000000000000
10687,29,123.790000000000000000,10,0E-18
10687,36,19.000000000000000000,6,0.250000000000000000
10688,10,31.000000000000000000,18,0.100000000000000000
10688,28,45.600000000000000000,60,0.100000000000000000
10688,34,14.000000000000000000,14,0E-18
10689,1,18.000000000000000000,35,0.250000000000000000
10690,56,38.000000000000000000,20,0.250000000000000000
10690,77,13.000000000000000000,30,0.250000000000000000
10691,1,18.000000000000000000,30,0E-18
10691,29,123.790000000000000000,40,0E-18
10691,43,46.000000000000000000,40,0E-18
10691,44,19.450000000000000000,24,0E-18
10691,62,49.300000000000000000,48,0E-18
10692,63,43.900000000000000000,20,0E-18
10693,9,97.000000000000000000,6,0E-18
10693,54,7.450000000000000000,60,0.150000000000000000
10693,69,36.000000000000000000,30,0.150000000000000000
10693,73,15.000000000000000000,15,0.150000000000000000
10694,7,30.000000000000000000,90,0E-18
10694,59,55.000000000000000000,25,0E-18
10694,70,15.000000000000000000,50,0E-18
10695,8,40.000000000000000000,10,0E-18
10695,12,38.000000000000000000,4,0E-18
10695,24,4.500000000000000000,20,0E-18
10696,17,39.000000000000000000,20,0E-18
10696,46,12.000000000000000000,18,0E-18
10697,19,9.200000000000000000,7,0.250000000000000000
10697,35,18.000000000000000000,9,0.250000000000000000
10697,58,13.250000000000000000,30,0.250000000000000000
10697,70,15.000000000000000000,30,0.250000000000000000
10698,11,21.000000000000000000,15,0E-18
10698,17,39.000000000000000000,8,0.050000000000000000
10698,29,123.790000000000000000,12,0.050000000000000000
10698,65,21.050000000000000000,65,0.050000000000000000
10698,70,15.000000000000000000,8,0.050000000000000000
10699,47,9.500000000000000000,12,0E-18
10700,1,18.000000000000000000,5,0.200000000000000000
10700,34,14.000000000000000000,12,0.200000000000000000
10700,68,12.500000000000000000,40,0.200000000000000000
10700,71,21.500000000000000000,60,0.200000000000000000
10701,59,55.000000000000000000,42,0.150000000000000000
10701,71,21.500000000000000000,20,0.150000000000000000
10701,76,18.000000000000000000,35,0.150000000000000000
10702,3,10.000000000000000000,6,0E-18
10702,76,18.000000000000000000,15,0E-18
10703,2,19.000000000000000000,5,0E-18
10703,59,55.000000000000000000,35,0E-18
10703,73,15.000000000000000000,35,0E-18
10704,4,22.000000000000000000,6,0E-18
10704,24,4.500000000000000000,35,0E-18
10704,48,12.750000000000000000,24,0E-18
10705,31,12.500000000000000000,20,0E-18
10705,32,32.000000000000000000,4,0E-18
10706,16,17.450000000000000000,20,0E-18
10706,43,46.000000000000000000,24,0E-18
10706,59,55.000000000000000000,8,0E-18
10707,55,24.000000000000000000,21,0E-18
10707,57,19.500000000000000000,40,0E-18
10707,70,15.000000000000000000,28,0.150000000000000000
10708,5,21.350000000000000000,4,0E-18
10708,36,19.000000000000000000,5,0E-18
10709,8,40.000000000000000000,40,0E-18
10709,51,53.000000000000000000,28,0E-18
10709,60,34.000000000000000000,10,0E-18
10710,19,9.200000000000000000,5,0E-18
10710,47,9.500000000000000000,5,0E-18
10711,19,9.200000000000000000,12,0E-18
10711,41,9.650000000000000000,42,0E-18
10711,53,32.800000000000000000,120,0E-18
10712,53,32.800000000000000000,3,0.050000000000000000
10712,56,38.000000000000000000,30,0E-18
10713,10,31.000000000000000000,18,0E-18
10713,26,31.230000000000000000,30,0E-18
10713,45,9.500000000000000000,110,0E-18
10713,46,12.000000000000000000,24,0E-18
10714,2,19.000000000000000000,30,0.250000000000000000
10714,17,39.000000000000000000,27,0.250000000000000000
10714,47,9.500000000000000000,50,0.250000000000000000
10714,56,38.000000000000000000,18,0.250000000000000000
10714,58,13.250000000000000000,12,0.250000000000000000
10715,10,31.000000000000000000,21,0E-18
10715,71,21.500000000000000000,30,0E-18
10716,21,10.000000000000000000,5,0E-18
10716,51,53.000000000000000000,7,0E-18
10716,61,28.500000000000000000,10,0E-18
10717,21,10.000000000000000000,32,0.050000000000000000
10717,54,7.450000000000000000,15,0E-18
10717,69,36.000000000000000000,25,0.050000000000000000
10718,12,38.000000000000000000,36,0E-18
10718,16,17.450000000000000000,20,0E-18
10718,36,19.000000000000000000,40,0E-18
10718,62,49.300000000000000000,20,0E-18
10719,18,62.500000000000000000,12,0.250000000000000000
10719,30,25.890000000000000000,3,0.250000000000000000
10719,54,7.450000000000000000,40,0.250000000000000000
10720,35,18.000000000000000000,21,0E-18
10720,71,21.500000000000000000,8,0E-18
10721,44,19.450000000000000000,50,0.050000000000000000
10722,2,19.000000000000000000,3,0E-18
10722,31,12.500000000000000000,50,0E-18
10722,68,12.500000000000000000,45,0E-18
10722,75,7.750000000000000000,42,0E-18
10723,26,31.230000000000000000,15,0E-18
10724,10,31.000000000000000000,16,0E-18
10724,61,28.500000000000000000,5,0E-18
10725,41,9.650000000000000000,12,0E-18
10725,52,7.000000000000000000,4,0E-18
10725,55,24.000000000000000000,6,0E-18
10726,4,22.000000000000000000,25,0E-18
10726,11,21.000000000000000000,5,0E-18
10727,17,39.000000000000000000,20,0.050000000000000000
10727,56,38.000000000000000000,10,0.050000000000000000
10727,59,55.000000000000000000,10,0.050000000000000000
10728,30,25.890000000000000000,15,0E-18
10728,40,18.400000000000000000,6,0E-18
10728,55,24.000000000000000000,12,0E-18
10728,60,34.000000000000000000,15,0E-18
10729,1,18.000000000000000000,50,0E-18
10729,21,10.000000000000000000,30,0E-18
10729,50,16.250000000000000000,40,0E-18
10730,16,17.450000000000000000,15,0.050000000000000000
10730,31,12.500000000000000000,3,0.050000000000000000
10730,65,21.050000000000000000,10,0.050000000000000000
10731,21,10.000000000000000000,40,0.050000000000000000
10731,51,53.000000000000000000,30,0.050000000000000000
10732,76,18.000000000000000000,20,0E-18
10733,14,23.250000000000000000,16,0E-18
10733,28,45.600000000000000000,20,0E-18
10733,52,7.000000000000000000,25,0E-18
10734,6,25.000000000000000000,30,0E-18
10734,30,25.890000000000000000,15,0E-18
10734,76,18.000000000000000000,20,0E-18
10735,61,28.500000000000000000,20,0.100000000000000000
10735,77,13.000000000000000000,2,0.100000000000000000
10736,65,21.050000000000000000,40,0E-18
10736,75,7.750000000000000000,20,0E-18
10737,13,6.000000000000000000,4,0E-18
10737,41,9.650000000000000000,12,0E-18
10738,16,17.450000000000000000,3,0E-18
10739,36,19.000000000000000000,6,0E-18
10739,52,7.000000000000000000,18,0E-18
10740,28,45.600000000000000000,5,0.200000000000000000
10740,35,18.000000000000000000,35,0.200000000000000000
10740,45,9.500000000000000000,40,0.200000000000000000
10740,56,38.000000000000000000,14,0.200000000000000000
10741,2,19.000000000000000000,15,0.200000000000000000
10742,3,10.000000000000000000,20,0E-18
10742,60,34.000000000000000000,50,0E-18
10742,72,34.800000000000000000,35,0E-18
10743,46,12.000000000000000000,28,0.050000000000000000
10744,40,18.400000000000000000,50,0.200000000000000000
10745,18,62.500000000000000000,24,0E-18
10745,44,19.450000000000000000,16,0E-18
10745,59,55.000000000000000000,45,0E-18
10745,72,34.800000000000000000,7,0E-18
10746,13,6.000000000000000000,6,0E-18
10746,42,14.000000000000000000,28,0E-18
10746,62,49.300000000000000000,9,0E-18
10746,69,36.000000000000000000,40,0E-18
10747,31,12.500000000000000000,8,0E-18
10747,41,9.650000000000000000,35,0E-18
10747,63,43.900000000000000000,9,0E-18
10747,69,36.000000000000000000,30,0E-18
10748,23,9.000000000000000000,44,0E-18
10748,40,18.400000000000000000,40,0E-18
10748,56,38.000000000000000000,28,0E-18
10749,56,38.000000000000000000,15,0E-18
10749,59,55.000000000000000000,6,0E-18
10749,76,18.000000000000000000,10,0E-18
10750,14,23.250000000000000000,5,0.150000000000000000
10750,45,9.500000000000000000,40,0.150000000000000000
10750,59,55.000000000000000000,25,0.150000000000000000
10751,26,31.230000000000000000,12,0.100000000000000000
10751,30,25.890000000000000000,30,0E-18
10751,50,16.250000000000000000,20,0.100000000000000000
10751,73,15.000000000000000000,15,0E-18
10752,1,18.000000000000000000,8,0E-18
10752,69,36.000000000000000000,3,0E-18
10753,45,9.500000000000000000,4,0E-18
10753,74,10.000000000000000000,5,0E-18
10754,40,18.400000000000000000,3,0E-18
10755,47,9.500000000000000000,30,0.250000000000000000
10755,56,38.000000000000000000,30,0.250000000000000000
10755,57,19.500000000000000000,14,0.250000000000000000
10755,69,36.000000000000000000,25,0.250000000000000000
10756,18,62.500000000000000000,21,0.200000000000000000
10756,36,19.000000000000000000,20,0.200000000000000000
10756,68,12.500000000000000000,6,0.200000000000000000
10756,69,36.000000000000000000,20,0.200000000000000000
10757,34,14.000000000000000000,30,0E-18
10757,59,55.000000000000000000,7,0E-18
10757,62,49.300000000000000000,30,0E-18
10757,64,33.250000000000000000,24,0E-18
10758,26,31.230000000000000000,20,0E-18
10758,52,7.000000000000000000,60,0E-18
10758,70,15.000000000000000000,40,0E-18
10759,32,32.000000000000000000,10,0E-18
10760,25,14.000000000000000000,12,0.250000000000000000
10760,27,43.900000000000000000,40,0E-18
10760,43,46.000000000000000000,30,0.250000000000000000
10761,25,14.000000000000000000,35,0.250000000000000000
10761,75,7.750000000000000000,18,0E-18
10762,39,18.000000000000000000,16,0E-18
10762,47,9.500000000000000000,30,0E-18
10762,51,53.000000000000000000,28,0E-18
10762,56,38.000000000000000000,60,0E-18
10763,21,10.000000000000000000,40,0E-18
10763,22,21.000000000000000000,6,0E-18
10763,24,4.500000000000000000,20,0E-18
10764,3,10.000000000000000000,20,0.100000000000000000
10764,39,18.000000000000000000,130,0.100000000000000000
10765,65,21.050000000000000000,80,0.100000000000000000
10766,2,19.000000000000000000,40,0E-18
10766,7,30.000000000000000000,35,0E-18
10766,68,12.500000000000000000,40,0E-18
10767,42,14.000000000000000000,2,0E-18
10768,22,21.000000000000000000,4,0E-18
10768,31,12.500000000000000000,50,0E-18
10768,60,34.000000000000000000,15,0E-18
10768,71,21.500000000000000000,12,0E-18
10769,41,9.650000000000000000,30,0.050000000000000000
10769,52,7.000000000000000000,15,0.050000000000000000
10769,61,28.500000000000000000,20,0E-18
10769,62,49.300000000000000000,15,0E-18
10770,11,21.000000000000000000,15,0.250000000000000000
10771,71,21.500000000000000000,16,0E-18
10772,29,123.790000000000000000,18,0E-18
10772,59,55.000000000000000000,25,0E-18
10773,17,39.000000000000000000,33,0E-18
10773,31,12.500000000000000000,70,0.200000000000000000
10773,75,7.750000000000000000,7,0.200000000000000000
10774,31,12.500000000000000000,2,0.250000000000000000
10774,66,17.000000000000000000,50,0E-18
10775,10,31.000000000000000000,6,0E-18
10775,67,14.000000000000000000,3,0E-18
10776,31,12.500000000000000000,16,0.050000000000000000
10776,42,14.000000000000000000,12,0.050000000000000000
10776,45,9.500000000000000000,27,0.050000000000000000
10776,51,53.000000000000000000,120,0.050000000000000000
10777,42,14.000000000000000000,20,0.200000000000000000
10778,41,9.650000000000000000,10,0E-18
10779,16,17.450000000000000000,20,0E-18
10779,62,49.300000000000000000,20,0E-18
10780,70,15.000000000000000000,35,0E-18
10780,77,13.000000000000000000,15,0E-18
10781,54,7.450000000000000000,3,0.200000000000000000
10781,56,38.000000000000000000,20,0.200000000000000000
10781,74,10.000000000000000000,35,0E-18
10782,31,12.500000000000000000,1,0E-18
10783,31,12.500000000000000000,10,0E-18
10783,38,263.500000000000000000,5,0E-18
10784,36,19.000000000000000000,30,0E-18
10784,39,18.000000000000000000,2,0.150000000000000000
10784,72,34.800000000000000000,30,0.150000000000000000
10785,10,31.000000000000000000,10,0E-18
10785,75,7.750000000000000000,10,0E-18
10786,8,40.000000000000000000,30,0.200000000000000000
10786,30,25.890000000000000000,15,0.200000000000000000
10786,75,7.750000000000000000,42,0.200000000000000000
10787,2,19.000000000000000000,15,0.050000000000000000
10787,29,123.790000000000000000,20,0.050000000000000000
10788,19,9.200000000000000000,50,0.050000000000000000
10788,75,7.750000000000000000,40,0.050000000000000000
10789,18,62.500000000000000000,30,0E-18
10789,35,18.000000000000000000,15,0E-18
10789,63,43.900000000000000000,30,0E-18
10789,68,12.500000000000000000,18,0E-18
10790,7,30.000000000000000000,3,0.150000000000000000
10790,56,38.000000000000000000,20,0.150000000000000000
10791,29,123.790000000000000000,14,0.050000000000000000
10791,41,9.650000000000000000,20,0.050000000000000000
10792,2,19.000000000000000000,10,0E-18
10792,54,7.450000000000000000,3,0E-18
10792,68,12.500000000000000000,15,0E-18
10793,41,9.650000000000000000,14,0E-18
10793,52,7.000000000000000000,8,0E-18
10794,14,23.250000000000000000,15,0.200000000000000000
10794,54,7.450000000000000000,6,0.200000000000000000
10795,16,17.450000000000000000,65,0E-18
10795,17,39.000000000000000000,35,0.250000000000000000
10796,26,31.230000000000000000,21,0.200000000000000000
10796,44,19.450000000000000000,10,0E-18
10796,64,33.250000000000000000,35,0.200000000000000000
10796,69,36.000000000000000000,24,0.200000000000000000
10797,11,21.000000000000000000,20,0E-18
10798,62,49.300000000000000000,2,0E-18
10798,72,34.800000000000000000,10,0E-18
10799,13,6.000000000000000000,20,0.150000000000000000
10799,24,4.500000000000000000,20,0.150000000000000000
10799,59,55.000000000000000000,25,0E-18
10800,11,21.000000000000000000,50,0.100000000000000000
10800,51,53.000000000000000000,10,0.100000000000000000
10800,54,7.450000000000000000,7,0.100000000000000000
10801,17,39.000000000000000000,40,0.250000000000000000
10801,29,123.790000000000000000,20,0.250000000000000000
10802,30,25.890000000000000000,25,0.250000000000000000
10802,51,53.000000000000000000,30,0.250000000000000000
10802,55,24.000000000000000000,60,0.250000000000000000
10802,62,49.300000000000000000,5,0.250000000000000000
10803,19,9.200000000000000000,24,0.050000000000000000
10803,25,14.000000000000000000,15,0.050000000000000000
10803,59,55.000000000000000000,15,0.050000000000000000
10804,10,31.000000000000000000,36,0E-18
10804,28,45.600000000000000000,24,0E-18
10804,49,20.000000000000000000,4,0.150000000000000000
10805,34,14.000000000000000000,10,0E-18
10805,38,263.500000000000000000,10,0E-18
10806,2,19.000000000000000000,20,0.250000000000000000
10806,65,21.050000000000000000,2,0E-18
10806,74,10.000000000000000000,15,0.250000000000000000
10807,40,18.400000000000000000,1,0E-18
10808,56,38.000000000000000000,20,0.150000000000000000
10808,76,18.000000000000000000,50,0.150000000000000000
10809,52,7.000000000000000000,20,0E-18
10810,13,6.000000000000000000,7,0E-18
10810,25,14.000000000000000000,5,0E-18
10810,70,15.000000000000000000,5,0E-18
10811,19,9.200000000000000000,15,0E-18
10811,23,9.000000000000000000,18,0E-18
10811,40,18.400000000000000000,30,0E-18
10812,31,12.500000000000000000,16,0.100000000000000000
10812,72,34.800000000000000000,40,0.100000000000000000
10812,77,13.000000000000000000,20,0E-18
10813,2,19.000000000000000000,12,0.200000000000000000
10813,46,12.000000000000000000,35,0E-18
10814,41,9.650000000000000000,20,0E-18
10814,43,46.000000000000000000,20,0.150000000000000000
10814,48,12.750000000000000000,8,0.150000000000000000
10814,61,28.500000000000000000,30,0.150000000000000000
10815,33,2.500000000000000000,16,0E-18
10816,38,263.500000000000000000,30,0.050000000000000000
10816,62,49.300000000000000000,20,0.050000000000000000
10817,26,31.230000000000000000,40,0.150000000000000000
10817,38,263.500000000000000000,30,0E-18
10817,40,18.400000000000000000,60,0.150000000000000000
10817,62,49.300000000000000000,25,0.150000000000000000
10818,32,32.000000000000000000,20,0E-18
10818,41,9.650000000000000000,20,0E-18
10819,43,46.000000000000000000,7,0E-18
10819,75,7.750000000000000000,20,0E-18
10820,56,38.000000000000000000,30,0E-18
10821,35,18.000000000000000000,20,0E-18
10821,51,53.000000000000000000,6,0E-18
10822,62,49.300000000000000000,3,0E-18
10822,70,15.000000000000000000,6,0E-18
10823,11,21.000000000000000000,20,0.100000000000000000
10823,57,19.500000000000000000,15,0E-18
10823,59,55.000000000000000000,40,0.100000000000000000
10823,77,13.000000000000000000,15,0.100000000000000000
10824,41,9.650000000000000000,12,0E-18
10824,70,15.000000000000000000,9,0E-18
10825,26,31.230000000000000000,12,0E-18
10825,53,32.800000000000000000,20,0E-18
10826,31,12.500000000000000000,35,0E-18
10826,57,19.500000000000000000,15,0E-18
10827,10,31.000000000000000000,15,0E-18
10827,39,18.000000000000000000,21,0E-18
10828,20,81.000000000000000000,5,0E-18
10828,38,263.500000000000000000,2,0E-18
10829,2,19.000000000000000000,10,0E-18
10829,8,40.000000000000000000,20,0E-18
10829,13,6.000000000000000000,10,0E-18
10829,60,34.000000000000000000,21,0E-18
10830,6,25.000000000000000000,6,0E-18
10830,39,18.000000000000000000,28,0E-18
10830,60,34.000000000000000000,30,0E-18
10830,68,12.500000000000000000,24,0E-18
10831,19,9.200000000000000000,2,0E-18
10831,35,18.000000000000000000,8,0E-18
10831,38,263.500000000000000000,8,0E-18
10831,43,46.000000000000000000,9,0E-18
10832,13,6.000000000000000000,3,0.200000000000000000
10832,25,14.000000000000000000,10,0.200000000000000000
10832,44,19.450000000000000000,16,0.200000000000000000
10832,64,33.250000000000000000,3,0E-18
10833,7,30.000000000000000000,20,0.100000000000000000
10833,31,12.500000000000000000,9,0.100000000000000000
10833,53,32.800000000000000000,9,0.100000000000000000
10834,29,123.790000000000000000,8,0.050000000000000000
10834,30,25.890000000000000000,20,0.050000000000000000
10835,59,55.000000000000000000,15,0E-18
10835,77,13.000000000000000000,2,0.200000000000000000
10836,22,21.000000000000000000,52,0E-18
10836,35,18.000000000000000000,6,0E-18
10836,57,19.500000000000000000,24,0E-18
10836,60,34.000000000000000000,60,0E-18
10836,64,33.250000000000000000,30,0E-18
10837,13,6.000000000000000000,6,0E-18
10837,40,18.400000000000000000,25,0E-18
10837,47,9.500000000000000000,40,0.250000000000000000
10837,76,18.000000000000000000,21,0.250000000000000000
10838,1,18.000000000000000000,4,0.250000000000000000
10838,18,62.500000000000000000,25,0.250000000000000000
10838,36,19.000000000000000000,50,0.250000000000000000
10839,58,13.250000000000000000,30,0.100000000000000000
10839,72,34.800000000000000000,15,0.100000000000000000
10840,25,14.000000000000000000,6,0.200000000000000000
10840,39,18.000000000000000000,10,0.200000000000000000
10841,10,31.000000000000000000,16,0E-18
10841,56,38.000000000000000000,30,0E-18
10841,59,55.000000000000000000,50,0E-18
10841,77,13.000000000000000000,15,0E-18
10842,11,21.000000000000000000,15,0E-18
10842,43,46.000000000000000000,5,0E-18
10842,68,12.500000000000000000,20,0E-18
10842,70,15.000000000000000000,12,0E-18
10843,51,53.000000000000000000,4,0.250000000000000000
10844,22,21.000000000000000000,35,0E-18
10845,23,9.000000000000000000,70,0.100000000000000000
10845,35,18.000000000000000000,25,0.100000000000000000
10845,42,14.000000000000000000,42,0.100000000000000000
10845,58,13.250000000000000000,60,0.100000000000000000
10845,64,33.250000000000000000,48,0E-18
10846,4,22.000000000000000000,21,0E-18
10846,70,15.000000000000000000,30,0E-18
10846,74,10.000000000000000000,20,0E-18
10847,1,18.000000000000000000,80,0.200000000000000000
10847,19,9.200000000000000000,12,0.200000000000000000
10847,37,26.000000000000000000,60,0.200000000000000000
10847,45,9.500000000000000000,36,0.200000000000000000
10847,60,34.000000000000000000,45,0.200000000000000000
10847,71,21.500000000000000000,55,0.200000000000000000
10848,5,21.350000000000000000,30,0E-18
10848,9,97.000000000000000000,3,0E-18
10849,3,10.000000000000000000,49,0E-18
10849,26,31.230000000000000000,18,0.150000000000000000
10850,25,14.000000000000000000,20,0.150000000000000000
10850,33,2.500000000000000000,4,0.150000000000000000
10850,70,15.000000000000000000,30,0.150000000000000000
10851,2,19.000000000000000000,5,0.050000000000000000
10851,25,14.000000000000000000,10,0.050000000000000000
10851,57,19.500000000000000000,10,0.050000000000000000
10851,59,55.000000000000000000,42,0.050000000000000000
10852,2,19.000000000000000000,15,0E-18
10852,17,39.000000000000000000,6,0E-18
10852,62,49.300000000000000000,50,0E-18
10853,18,62.500000000000000000,10,0E-18
10854,10,31.000000000000000000,100,0.150000000000000000
10854,13,6.000000000000000000,65,0.150000000000000000
10855,16,17.450000000000000000,50,0E-18
10855,31,12.500000000000000000,14,0E-18
10855,56,38.000000000000000000,24,0E-18
10855,65,21.050000000000000000,15,0.150000000000000000
10856,2,19.000000000000000000,20,0E-18
10856,42,14.000000000000000000,20,0E-18
10857,3,10.000000000000000000,30,0E-18
10857,26,31.230000000000000000,35,0.250000000000000000
10857,29,123.790000000000000000,10,0.250000000000000000
10858,7,30.000000000000000000,5,0E-18
10858,27,43.900000000000000000,10,0E-18
10858,70,15.000000000000000000,4,0E-18
10859,24,4.500000000000000000,40,0.250000000000000000
10859,54,7.450000000000000000,35,0.250000000000000000
10859,64,33.250000000000000000,30,0.250000000000000000
10860,51,53.000000000000000000,3,0E-18
10860,76,18.000000000000000000,20,0E-18
10861,17,39.000000000000000000,42,0E-18
10861,18,62.500000000000000000,20,0E-18
10861,21,10.000000000000000000,40,0E-18
10861,33,2.500000000000000000,35,0E-18
10861,62,49.300000000000000000,3,0E-18
10862,11,21.000000000000000000,25,0E-18
10862,52,7.000000000000000000,8,0E-18
10863,1,18.000000000000000000,20,0.150000000000000000
10863,58,13.250000000000000000,12,0.150000000000000000
10864,35,18.000000000000000000,4,0E-18
10864,67,14.000000000000000000,15,0E-18
10865,38,263.500000000000000000,60,0.050000000000000000
10865,39,18.000000000000000000,80,0.050000000000000000
10866,2,19.000000000000000000,21,0.250000000000000000
10866,24,4.500000000000000000,6,0.250000000000000000
10866,30,25.890000000000000000,40,0.250000000000000000
10867,53,32.800000000000000000,3,0E-18
10868,26,31.230000000000000000,20,0E-18
10868,35,18.000000000000000000,30,0E-18
10868,49,20.000000000000000000,42,0.100000000000000000
10869,1,18.000000000000000000,40,0E-18
10869,11,21.000000000000000000,10,0E-18
10869,23,9.000000000000000000,50,0E-18
10869,68,12.500000000000000000,20,0E-18
10870,35,18.000000000000000000,3,0E-18
10870,51,53.000000000000000000,2,0E-18
10871,6,25.000000000000000000,50,0.050000000000000000
10871,16,17.450000000000000000,12,0.050000000000000000
10871,17,39.000000000000000000,16,0.050000000000000000
10872,55,24.000000000000000000,10,0.050000000000000000
10872,62,49.300000000000000000,20,0.050000000000000000
10872,64,33.250000000000000000,15,0.050000000000000000
10872,65,21.050000000000000000,21,0.050000000000000000
10873,21,10.000000000000000000,20,0E-18
10873,28,45.600000000000000000,3,0E-18
10874,10,31.000000000000000000,10,0E-18
10875,19,9.200000000000000000,25,0E-18
10875,47,9.500000000000000000,21,0.100000000000000000
10875,49,20.000000000000000000,15,0E-18
10876,46,12.000000000000000000,21,0E-18
10876,64,33.250000000000000000,20,0E-18
10877,16,17.450000000000000000,30,0.250000000000000000
10877,18,62.500000000000000000,25,0E-18
10878,20,81.000000000000000000,20,0.050000000000000000
10879,40,18.400000000000000000,12,0E-18
10879,65,21.050000000000000000,10,0E-18
10879,76,18.000000000000000000,10,0E-18
10880,23,9.000000000000000000,30,0.200000000000000000
10880,61,28.500000000000000000,30,0.200000000000000000
10880,70,15.000000000000000000,50,0.200000000000000000
10881,73,15.000000000000000000,10,0E-18
10882,42,14.000000000000000000,25,0E-18
10882,49,20.000000000000000000,20,0.150000000000000000
10882,54,7.450000000000000000,32,0.150000000000000000
10883,24,4.500000000000000000,8,0E-18
10884,21,10.000000000000000000,40,0.050000000000000000
10884,56,38.000000000000000000,21,0.050000000000000000
10884,65,21.050000000000000000,12,0.050000000000000000
10885,2,19.000000000000000000,20,0E-18
10885,24,4.500000000000000000,12,0E-18
10885,70,15.000000000000000000,30,0E-18
10885,77,13.000000000000000000,25,0E-18
10886,10,31.000000000000000000,70,0E-18
10886,31,12.500000000000000000,35,0E-18
10886,77,13.000000000000000000,40,0E-18
10887,25,14.000000000000000000,5,0E-18
10888,2,19.000000000000000000,20,0E-18
10888,68,12.500000000000000000,18,0E-18
10889,11,21.000000000000000000,40,0E-18
10889,38,263.500000000000000000,40,0E-18
10890,17,39.000000000000000000,15,0E-18
10890,34,14.000000000000000000,10,0E-18
10890,41,9.650000000000000000,14,0E-18
10891,30,25.890000000000000000,15,0.050000000000000000
10892,59,55.000000000000000000,40,0.050000000000000000
10893,8,40.000000000000000000,30,0E-18
10893,24,4.500000000000000000,10,0E-18
10893,29,123.790000000000000000,24,0E-18
10893,30,25.890000000000000000,35,0E-18
10893,36,19.000000000000000000,20,0E-18
10894,13,6.000000000000000000,28,0.050000000000000000
10894,69,36.000000000000000000,50,0.050000000000000000
10894,75,7.750000000000000000,120,0.050000000000000000
10895,24,4.500000000000000000,110,0E-18
10895,39,18.000000000000000000,45,0E-18
10895,40,18.400000000000000000,91,0E-18
10895,60,34.000000000000000000,100,0E-18
10896,45,9.500000000000000000,15,0E-18
10896,56,38.000000000000000000,16,0E-18
10897,29,123.790000000000000000,80,0E-18
10897,30,25.890000000000000000,36,0E-18
10898,13,6.000000000000000000,5,0E-18
10899,39,18.000000000000000000,8,0.150000000000000000
10900,70,15.000000000000000000,3,0.250000000000000000
10901,41,9.650000000000000000,30,0E-18
10901,71,21.500000000000000000,30,0E-18
10902,55,24.000000000000000000,30,0.150000000000000000
10902,62,49.300000000000000000,6,0.150000000000000000
10903,13,6.000000000000000000,40,0E-18
10903,65,21.050000000000000000,21,0E-18
10903,68,12.500000000000000000,20,0E-18
10904,58,13.250000000000000000,15,0E-18
10904,62,49.300000000000000000,35,0E-18
10905,1,18.000000000000000000,20,0.050000000000000000
10906,61,28.500000000000000000,15,0E-18
10907,75,7.750000000000000000,14,0E-18
10908,7,30.000000000000000000,20,0.050000000000000000
10908,52,7.000000000000000000,14,0.050000000000000000
10909,7,30.000000000000000000,12,0E-18
10909,16,17.450000000000000000,15,0E-18
10909,41,9.650000000000000000,5,0E-18
10910,19,9.200000000000000000,12,0E-18
10910,49,20.000000000000000000,10,0E-18
10910,61,28.500000000000000000,5,0E-18
10911,1,18.000000000000000000,10,0E-18
10911,17,39.000000000000000000,12,0E-18
10911,67,14.000000000000000000,15,0E-18
10912,11,21.000000000000000000,40,0.250000000000000000
10912,29,123.790000000000000000,60,0.250000000000000000
10913,4,22.000000000000000000,30,0.250000000000000000
10913,33,2.500000000000000000,40,0.250000000000000000
10913,58,13.250000000000000000,15,0E-18
10914,71,21.500000000000000000,25,0E-18
10915,17,39.000000000000000000,10,0E-18
10915,33,2.500000000000000000,30,0E-18
10915,54,7.450000000000000000,10,0E-18
10916,16,17.450000000000000000,6,0E-18
10916,32,32.000000000000000000,6,0E-18
10916,57,19.500000000000000000,20,0E-18
10917,30,25.890000000000000000,1,0E-18
10917,60,34.000000000000000000,10,0E-18
10918,1,18.000000000000000000,60,0.250000000000000000
10918,60,34.000000000000000000,25,0.250000000000000000
10919,16,17.450000000000000000,24,0E-18
10919,25,14.000000000000000000,24,0E-18
10919,40,18.400000000000000000,20,0E-18
10920,50,16.250000000000000000,24,0E-18
10921,35,18.000000000000000000,10,0E-18
10921,63,43.900000000000000000,40,0E-18
10922,17,39.000000000000000000,15,0E-18
10922,24,4.500000000000000000,35,0E-18
10923,42,14.000000000000000000,10,0.200000000000000000
10923,43,46.000000000000000000,10,0.200000000000000000
10923,67,14.000000000000000000,24,0.200000000000000000
10924,10,31.000000000000000000,20,0.100000000000000000
10924,28,45.600000000000000000,30,0.100000000000000000
10924,75,7.750000000000000000,6,0E-18
10925,36,19.000000000000000000,25,0.150000000000000000
10925,52,7.000000000000000000,12,0.150000000000000000
10926,11,21.000000000000000000,2,0E-18
10926,13,6.000000000000000000,10,0E-18
10926,19,9.200000000000000000,7,0E-18
10926,72,34.800000000000000000,10,0E-18
10927,20,81.000000000000000000,5,0E-18
10927,52,7.000000000000000000,5,0E-18
10927,76,18.000000000000000000,20,0E-18
10928,47,9.500000000000000000,5,0E-18
10928,76,18.000000000000000000,5,0E-18
10929,21,10.000000000000000000,60,0E-18
10929,75,7.750000000000000000,49,0E-18
10929,77,13.000000000000000000,15,0E-18
10930,21,10.000000000000000000,36,0E-18
10930,27,43.900000000000000000,25,0E-18
10930,55,24.000000000000000000,25,0.200000000000000000
10930,58,13.250000000000000000,30,0.200000000000000000
10931,13,6.000000000000000000,42,0.150000000000000000
10931,57,19.500000000000000000,30,0E-18
10932,16,17.450000000000000000,30,0.100000000000000000
10932,62,49.300000000000000000,14,0.100000000000000000
10932,72,34.800000000000000000,16,0E-18
10932,75,7.750000000000000000,20,0.100000000000000000
10933,53,32.800000000000000000,2,0E-18
10933,61,28.500000000000000000,30,0E-18
10934,6,25.000000000000000000,20,0E-18
10935,1,18.000000000000000000,21,0E-18
10935,18,62.500000000000000000,4,0.250000000000000000
10935,23,9.000000000000000000,8,0.250000000000000000
10936,36,19.000000000000000000,30,0.200000000000000000
10937,28,45.600000000000000000,8,0E-18
10937,34,14.000000000000000000,20,0E-18
10938,13,6.000000000000000000,20,0.250000000000000000
10938,43,46.000000000000000000,24,0.250000000000000000
10938,60,34.000000000000000000,49,0.250000000000000000
10938,71,21.500000000000000000,35,0.250000000000000000
10939,2,19.000000000000000000,10,0.150000000000000000
10939,67,14.000000000000000000,40,0.150000000000000000
10940,7,30.000000000000000000,8,0E-18
10940,13,6.000000000000000000,20,0E-18
10941,31,12.500000000000000000,44,0.250000000000000000
10941,62,49.300000000000000000,30,0.250000000000000000
10941,68,12.500000000000000000,80,0.250000000000000000
10941,72,34.800000000000000000,50,0E-18
10942,49,20.000000000000000000,28,0E-18
10943,13,6.000000000000000000,15,0E-18
10943,22,21.000000000000000000,21,0E-18
10943,46,12.000000000000000000,15,0E-18
10944,11,21.000000000000000000,5,0.250000000000000000
10944,44,19.450000000000000000,18,0.250000000000000000
10944,56,38.000000000000000000,18,0E-18
10945,13,6.000000000000000000,20,0E-18
10945,31,12.500000000000000000,10,0E-18
10946,10,31.000000000000000000,25,0E-18
10946,24,4.500000000000000000,25,0E-18
10946,77,13.000000000000000000,40,0E-18
10947,59,55.000000000000000000,4,0E-18
10948,50,16.250000000000000000,9,0E-18
10948,51,53.000000000000000000,40,0E-18
10948,55,24.000000000000000000,4,0E-18
10949,6,25.000000000000000000,12,0E-18
10949,10,31.000000000000000000,30,0E-18
10949,17,39.000000000000000000,6,0E-18
10949,62,49.300000000000000000,60,0E-18
10950,4,22.000000000000000000,5,0E-18
10951,33,2.500000000000000000,15,0.050000000000000000
10951,41,9.650000000000000000,6,0.050000000000000000
10951,75,7.750000000000000000,50,0.050000000000000000
10952,6,25.000000000000000000,16,0.050000000000000000
10952,28,45.600000000000000000,2,0E-18
10953,20,81.000000000000000000,50,0.050000000000000000
10953,31,12.500000000000000000,50,0.050000000000000000
10954,16,17.450000000000000000,28,0.150000000000000000
10954,31,12.500000000000000000,25,0.150000000000000000
10954,45,9.500000000000000000,30,0E-18
10954,60,34.000000000000000000,24,0.150000000000000000
10955,75,7.750000000000000000,12,0.200000000000000000
10956,21,10.000000000000000000,12,0E-18
10956,47,9.500000000000000000,14,0E-18
10956,51,53.000000000000000000,8,0E-18
10957,30,25.890000000000000000,30,0E-18
10957,35,18.000000000000000000,40,0E-18
10957,64,33.250000000000000000,8,0E-18
10958,5,21.350000000000000000,20,0E-18
10958,7,30.000000000000000000,6,0E-18
10958,72,34.800000000000000000,5,0E-18
10959,75,7.750000000000000000,20,0.150000000000000000
10960,24,4.500000000000000000,10,0.250000000000000000
10960,41,9.650000000000000000,24,0E-18
10961,52,7.000000000000000000,6,0.050000000000000000
10961,76,18.000000000000000000,60,0E-18
10962,7,30.000000000000000000,45,0E-18
10962,13,6.000000000000000000,77,0E-18
10962,53,32.800000000000000000,20,0E-18
10962,69,36.000000000000000000,9,0E-18
10962,76,18.000000000000000000,44,0E-18
10963,60,34.000000000000000000,2,0.150000000000000000
10964,18,62.500000000000000000,6,0E-18
10964,38,263.500000000000000000,5,0E-18
10964,69,36.000000000000000000,10,0E-18
10965,51,53.000000000000000000,16,0E-18
10966,37,26.000000000000000000,8,0E-18
10966,56,38.000000000000000000,12,0.150000000000000000
10966,62,49.300000000000000000,12,0.150000000000000000
10967,19,9.200000000000000000,12,0E-18
10967,49,20.000000000000000000,40,0E-18
10968,12,38.000000000000000000,30,0E-18
10968,24,4.500000000000000000,30,0E-18
10968,64,33.250000000000000000,4,0E-18
10969,46,12.000000000000000000,9,0E-18
10970,52,7.000000000000000000,40,0.200000000000000000
10971,29,123.790000000000000000,14,0E-18
10972,17,39.000000000000000000,6,0E-18
10972,33,2.500000000000000000,7,0E-18
10973,26,31.230000000000000000,5,0E-18
10973,41,9.650000000000000000,6,0E-18
10973,75,7.750000000000000000,10,0E-18
10974,63,43.900000000000000000,10,0E-18
10975,8,40.000000000000000000,16,0E-18
10975,75,7.750000000000000000,10,0E-18
10976,28,45.600000000000000000,20,0E-18
10977,39,18.000000000000000000,30,0E-18
10977,47,9.500000000000000000,30,0E-18
10977,51,53.000000000000000000,10,0E-18
10977,63,43.900000000000000000,20,0E-18
10978,8,40.000000000000000000,20,0.150000000000000000
10978,21,10.000000000000000000,40,0.150000000000000000
10978,40,18.400000000000000000,10,0E-18
10978,44,19.450000000000000000,6,0.150000000000000000
10979,7,30.000000000000000000,18,0E-18
10979,12,38.000000000000000000,20,0E-18
10979,24,4.500000000000000000,80,0E-18
10979,27,43.900000000000000000,30,0E-18
10979,31,12.500000000000000000,24,0E-18
10979,63,43.900000000000000000,35,0E-18
10980,75,7.750000000000000000,40,0.200000000000000000
10981,38,263.500000000000000000,60,0E-18
10982,7,30.000000000000000000,20,0E-18
10982,43,46.000000000000000000,9,0E-18
10983,13,6.000000000000000000,84,0.150000000000000000
10983,57,19.500000000000000000,15,0E-18
10984,16,17.450000000000000000,55,0E-18
10984,24,4.500000000000000000,20,0E-18
10984,36,19.000000000000000000,40,0E-18
10985,16,17.450000000000000000,36,0.100000000000000000
10985,18,62.500000000000000000,8,0.100000000000000000
10985,32,32.000000000000000000,35,0.100000000000000000
10986,11,21.000000000000000000,30,0E-18
10986,20,81.000000000000000000,15,0E-18
10986,76,18.000000000000000000,10,0E-18
10986,77,13.000000000000000000,15,0E-18
10987,7,30.000000000000000000,60,0E-18
10987,43,46.000000000000000000,6,0E-18
10987,72,34.800000000000000000,20,0E-18
10988,7,30.000000000000000000,60,0E-18
10988,62,49.300000000000000000,40,0.100000000000000000
10989,6,25.000000000000000000,40,0E-18
10989,11,21.000000000000000000,15,0E-18
10989,41,9.650000000000000000,4,0E-18
10990,21,10.000000000000000000,65,0E-18
10990,34,14.000000000000000000,60,0.150000000000000000
10990,55,24.000000000000000000,65,0.150000000000000000
10990,61,28.500000000000000000,66,0.150000000000000000
10991,2,19.000000000000000000,50,0.200000000000000000
10991,70,15.000000000000000000,20,0.200000000000000000
10991,76,18.000000000000000000,90,0.200000000000000000
10992,72,34.800000000000000000,2,0E-18
10993,29,123.790000000000000000,50,0.250000000000000000
10993,41,9.650000000000000000,35,0.250000000000000000
10994,59,55.000000000000000000,18,0.050000000000000000
10995,51,53.000000000000000000,20,0E-18
10995,60,34.000000000000000000,4,0E-18
10996,42,14.000000000000000000,40,0E-18
10997,32,32.000000000000000000,50,0E-18
10997,46,12.000000000000000000,20,0.250000000000000000
10997,52,7.000000000000000000,20,0.250000000000000000
10998,24,4.500000000000000000,12,0E-18
10998,61,28.500000000000000000,7,0E-18
10998,74,10.000000000000000000,20,0E-18
10998,75,7.750000000000000000,30,0E-18
10999,41,9.650000000000000000,20,0.050000000000000000
10999,51,53.000000000000000000,15,0.050000000000000000
10999,77,13.000000000000000000,21,0.050000000000000000
11000,4,22.000000000000000000,25,0.250000000000000000
11000,24,4.500000000000000000,30,0.250000000000000000
11000,77,13.000000000000000000,30,0E-18
11001,7,30.000000000000000000,60,0E-18
11001,22,21.000000000000000000,25,0E-18
11001,46,12.000000000000000000,25,0E-18
11001,55,24.000000000000000000,6,0E-18
11002,13,6.000000000000000000,56,0E-18
11002,35,18.000000000000000000,15,0.150000000000000000
11002,42,14.000000000000000000,24,0.150000000000000000
11002,55,24.000000000000000000,40,0E-18
11003,1,18.000000000000000000,4,0E-18
11003,40,18.400000000000000000,10,0E-18
11003,52,7.000000000000000000,10,0E-18
11004,26,31.230000000000000000,6,0E-18
11004,76,18.000000000000000000,6,0E-18
11005,1,18.000000000000000000,2,0E-18
11005,59,55.000000000000000000,10,0E-18
11006,1,18.000000000000000000,8,0E-18
11006,29,123.790000000000000000,2,0.250000000000000000
11007,8,40.000000000000000000,30,0E-18
11007,29,123.790000000000000000,10,0E-18
11007,42,14.000000000000000000,14,0E-18
11008,28,45.600000000000000000,70,0.050000000000000000
11008,34,14.000000000000000000,90,0.050000000000000000
11008,71,21.500000000000000000,21,0E-18
11009,24,4.500000000000000000,12,0E-18
11009,36,19.000000000000000000,18,0.250000000000000000
11009,60,34.000000000000000000,9,0E-18
11010,7,30.000000000000000000,20,0E-18
11010,24,4.500000000000000000,10,0E-18
11011,58,13.250000000000000000,40,0.050000000000000000
11011,71,21.500000000000000000,20,0E-18
11012,19,9.200000000000000000,50,0.050000000000000000
11012,60,34.000000000000000000,36,0.050000000000000000
11012,71,21.500000000000000000,60,0.050000000000000000
11013,23,9.000000000000000000,10,0E-18
11013,42,14.000000000000000000,4,0E-18
11013,45,9.500000000000000000,20,0E-18
11013,68,12.500000000000000000,2,0E-18
11014,41,9.650000000000000000,28,0.100000000000000000
11015,30,25.890000000000000000,15,0E-18
11015,77,13.000000000000000000,18,0E-18
11016,31,12.500000000000000000,15,0E-18
11016,36,19.000000000000000000,16,0E-18
11017,3,10.000000000000000000,25,0E-18
11017,59,55.000000000000000000,110,0E-18
11017,70,15.000000000000000000,30,0E-18
11018,12,38.000000000000000000,20,0E-18
11018,18,62.500000000000000000,10,0E-18
11018,56,38.000000000000000000,5,0E-18
11019,46,12.000000000000000000,3,0E-18
11019,49,20.000000000000000000,2,0E-18
11020,10,31.000000000000000000,24,0.150000000000000000
11021,2,19.000000000000000000,11,0.250000000000000000
11021,20,81.000000000000000000,15,0E-18
11021,26,31.230000000000000000,63,0E-18
11021,51,53.000000000000000000,44,0.250000000000000000
11021,72,34.800000000000000000,35,0E-18
11022,19,9.200000000000000000,35,0E-18
11022,69,36.000000000000000000,30,0E-18
11023,7,30.000000000000000000,4,0E-18
11023,43,46.000000000000000000,30,0E-18
11024,26,31.230000000000000000,12,0E-18
11024,33,2.500000000000000000,30,0E-18
11024,65,21.050000000000000000,21,0E-18
11024,71,21.500000000000000000,50,0E-18
11025,1,18.000000000000000000,10,0.100000000000000000
11025,13,6.000000000000000000,20,0.100000000000000000
11026,18,62.500000000000000000,8,0E-18
11026,51,53.000000000000000000,10,0E-18
11027,24,4.500000000000000000,30,0.250000000000000000
11027,62,49.300000000000000000,21,0.250000000000000000
11028,55,24.000000000000000000,35,0E-18
11028,59,55.000000000000000000,24,0E-18
11029,56,38.000000000000000000,20,0E-18
11029,63,43.900000000000000000,12,0E-18
11030,2,19.000000000000000000,100,0.250000000000000000
11030,5,21.350000000000000000,70,0E-18
11030,29,123.790000000000000000,60,0.250000000000000000
11030,59,55.000000000000000000,100,0.250000000000000000
11031,1,18.000000000000000000,45,0E-18
11031,13,6.000000000000000000,80,0E-18
11031,24,4.500000000000000000,21,0E-18
11031,64,33.250000000000000000,20,0E-18
11031,71,21.500000000000000000,16,0E-18
11032,36,19.000000000000000000,35,0E-18
11032,38,263.500000000000000000,25,0E-18
11032,59,55.000000000000000000,30,0E-18
11033,53,32.800000000000000000,70,0.100000000000000000
11033,69,36.000000000000000000,36,0.100000000000000000
11034,21,10.000000000000000000,15,0.100000000000000000
11034,44,19.450000000000000000,12,0E-18
11034,61,28.500000000000000000,6,0E-18
11035,1,18.000000000000000000,10,0E-18
11035,35,18.000000000000000000,60,0E-18
11035,42,14.000000000000000000,30,0E-18
11035,54,7.450000000000000000,10,0E-18
11036,13,6.000000000000000000,7,0E-18
11036,59,55.000000000000000000,30,0E-18
11037,70,15.000000000000000000,4,0E-18
11038,40,18.400000000000000000,5,0.200000000000000000
11038,52,7.000000000000000000,2,0E-18
11038,71,21.500000000000000000,30,0E-18
11039,28,45.600000000000000000,20,0E-18
11039,35,18.000000000000000000,24,0E-18
11039,49,20.000000000000000000,60,0E-18
11039,57,19.500000000000000000,28,0E-18
11040,21,10.000000000000000000,20,0E-18
11041,2,19.000000000000000000,30,0.200000000000000000
11041,63,43.900000000000000000,30,0E-18
11042,44,19.450000000000000000,15,0E-18
11042,61,28.500000000000000000,4,0E-18
11043,11,21.000000000000000000,10,0E-18
11044,62,49.300000000000000000,12,0E-18
11045,33,2.500000000000000000,15,0E-18
11045,51,53.000000000000000000,24,0E-18
11046,12,38.000000000000000000,20,0.050000000000000000
11046,32,32.000000000000000000,15,0.050000000000000000
11046,35,18.000000000000000000,18,0.050000000000000000
11047,1,18.000000000000000000,25,0.250000000000000000
11047,5,21.350000000000000000,30,0.250000000000000000
11048,68,12.500000000000000000,42,0E-18
11049,2,19.000000000000000000,10,0.200000000000000000
11049,12,38.000000000000000000,4,0.200000000000000000
11050,76,18.000000000000000000,50,0.100000000000000000
11051,24,4.500000000000000000,10,0.200000000000000000
11052,43,46.000000000000000000,30,0.200000000000000000
11052,61,28.500000000000000000,10,0.200000000000000000
11053,18,62.500000000000000000,35,0.200000000000000000
11053,32,32.000000000000000000,20,0E-18
11053,64,33.250000000000000000,25,0.200000000000000000
11054,33,2.500000000000000000,10,0E-18
11054,67,14.000000000000000000,20,0E-18
11055,24,4.500000000000000000,15,0E-18
11055,25,14.000000000000000000,15,0E-18
11055,51,53.000000000000000000,20,0E-18
11055,57,19.500000000000000000,20,0E-18
11056,7,30.000000000000000000,40,0E-18
11056,55,24.000000000000000000,35,0E-18
11056,60,34.000000000000000000,50,0E-18
11057,70,15.000000000000000000,3,0E-18
11058,21,10.000000000000000000,3,0E-18
11058,60,34.000000000000000000,21,0E-18
11058,61,28.500000000000000000,4,0E-18
11059,13,6.000000000000000000,30,0E-18
11059,17,39.000000000000000000,12,0E-18
11059,60,34.000000000000000000,35,0E-18
11060,60,34.000000000000000000,4,0E-18
11060,77,13.000000000000000000,10,0E-18
11061,60,34.000000000000000000,15,0E-18
11062,53,32.800000000000000000,10,0.200000000000000000
11062,70,15.000000000000000000,12,0.200000000000000000
11063,34,14.000000000000000000,30,0E-18
11063,40,18.400000000000000000,40,0.100000000000000000
11063,41,9.650000000000000000,30,0.100000000000000000
11064,17,39.000000000000000000,77,0.100000000000000000
11064,41,9.650000000000000000,12,0E-18
11064,53,32.800000000000000000,25,0.100000000000000000
11064,55,24.000000000000000000,4,0.100000000000000000
11064,68,12.500000000000000000,55,0E-18
11065,30,25.890000000000000000,4,0.250000000000000000
11065,54,7.450000000000000000,20,0.250000000000000000
11066,16,17.450000000000000000,3,0E-18
11066,19,9.200000000000000000,42,0E-18
11066,34,14.000000000000000000,35,0E-18
11067,41,9.650000000000000000,9,0E-18
11068,28,45.600000000000000000,8,0.150000000000000000
11068,43,46.000000000000000000,36,0.150000000000000000
11068,77,13.000000000000000000,28,0.150000000000000000
11069,39,18.000000000000000000,20,0E-18
11070,1,18.000000000000000000,40,0.150000000000000000
11070,2,19.000000000000000000,20,0.150000000000000000
11070,16,17.450000000000000000,30,0.150000000000000000
11070,31,12.500000000000000000,20,0E-18
11071,7,30.000000000000000000,15,0.050000000000000000
11071,13,6.000000000000000000,10,0.050000000000000000
11072,2,19.000000000000000000,8,0E-18
11072,41,9.650000000000000000,40,0E-18
11072,50,16.250000000000000000,22,0E-18
11072,64,33.250000000000000000,130,0E-18
11073,11,21.000000000000000000,10,0E-18
11073,24,4.500000000000000000,20,0E-18
11074,16,17.450000000000000000,14,0.050000000000000000
11075,2,19.000000000000000000,10,0.150000000000000000
11075,46,12.000000000000000000,30,0.150000000000000000
11075,76,18.000000000000000000,2,0.150000000000000000
11076,6,25.000000000000000000,20,0.250000000000000000
11076,14,23.250000000000000000,20,0.250000000000000000
11076,19,9.200000000000000000,10,0.250000000000000000
11077,2,19.000000000000000000,24,0.200000000000000000
11077,3,10.000000000000000000,4,0E-18
11077,4,22.000000000000000000,1,0E-18
11077,6,25.000000000000000000,1,0.020000000000000000
11077,7,30.000000000000000000,1,0.050000000000000000
11077,8,40.000000000000000000,2,0.100000000000000000
11077,10,31.000000000000000000,1,0E-18
11077,12,38.000000000000000000,2,0.050000000000000000
11077,13,6.000000000000000000,4,0E-18
11077,14,23.250000000000000000,1,0.030000000000000000
11077,16,17.450000000000000000,2,0.030000000000000000
11077,20,81.000000000000000000,1,0.040000000000000000
11077,23,9.000000000000000000,2,0E-18
11077,32,32.000000000000000000,1,0E-18
11077,39,18.000000000000000000,2,0.050000000000000000
11077,41,9.650000000000000000,3,0E-18
11077,46,12.000000000000000000,3,0.020000000000000000
11077,52,7.000000000000000000,2,0E-18
11077,55,24.000000000000000000,2,0E-18
11077,60,34.000000000000000000,2,0.060000000000000000
11077,64,33.250000000000000000,2,0.030000000000000000
11077,66,17.000000000000000000,1,0E-18
11077,73,15.000000000000000000,2,0.010000000000000000
11077,75,7.750000000000000000,4,0E-18
11077,77,13.000000000000000000,2,0E-18
